Accessori e moda,COSMETICS
Overnatning,HOTEL
Logibranschen,HOTEL
Contabilitate,ACCOUNTING
Akuntansi,ACCOUNTING
Buchhaltung,ACCOUNTING
Contabilidad,ACCOUNTING
Contabilidade,ACCOUNTING
Contabilit,ACCOUNTING
Muhasebe,ACCOUNTING
Perakaunan,ACCOUNTING
Regnskap,ACCOUNTING
Regnskab,ACCOUNTING
Administraie,SERVICE
Administrasi Pemerintahan,SERVICE
Administrao agrcola,SERVICE
Administrasi Eksekutif,SERVICE
Administrao de servios,SERVICE
Administracja rzdowa,SERVICE
Administraie studii,SERVICE
ADR Metodo alternativo di risoluzione delle controversie,LEGAL
Advokatpraksis,LEGAL
Linii aerieneAviaie,AVIATION
Aronautique et arospatiale,AEROSPACE
AeronuticaAviacin,AVIATION
Luchtvaart en ruimtevaart,AEROSPACE
Industria aeroespacial y aviacin,AEROSPACE
Przemys lotniczy i kosmiczny,AEROSPACE
Agroalimentaire,AGRICULTURE
Jordbrug,AGRICULTURE
Activiti agricole,AGRICULTURE
Agricoltura,AGRICULTURE
Agricultura,AGRICULTURE
Landbouw,AGRICULTURE
Landwirtschaft,AGRICULTURE
Pertanian,AGRICULTURE
Rolnictwo,AGRICULTURE
Zemdlstv,AGRICULTURE
Jordbruksbranschen,AGRICULTURE
Luft og romfart,AEROSPACE
Luft og rumfart,AEROSPACE
Flygbolags och luftfartsbranschen,AVIATION
Luft Raumfahrt,AEROSPACE
Leteck doprava a leteck prmysl,AVIATION
Aviao e aeroespacial,AEROSPACE
Flyselskapluftfart,AVIATION
Fluggesellschaften,AVIATION
Linie lotnicze lotnictwo,AVIATION
Luftfartsselskaberluftfart,AVIATION
Maskapai PenerbanganAviasi,AVIATION
Alatalat dan Perlengkapan Bisnis,APPAREL_ACCESSORIES
AlatAlat Olahraga,SPORTS
Produtos alimentcios,PHARMACEUTICALS
Allmnmedicinbranschen,HEALTH_CARE
Resolusi Sengketa Alternatif,LEGAL
Alternatif htilaf zm,LEGAL
Alternativ konfliktlsning,LEGAL
Alternativa konfliktlsningsbranschen,LEGAL
Alternatieve geneeskunde,HEALTH_CARE
Alternativ medicin,HEALTH_CARE
Alternative Medizin,HEALTH_CARE
Medicina alternativa,HEALTH_CARE
Medycyna alternatywna,HEALTH_CARE
Pengobatan Alternatif,HEALTH_CARE
Perubatan Alternatif,HEALTH_CARE
Metode alternative de soluionare a disputelor,LEGAL
Rglement extrajudiciaire de conflits,LEGAL
Alternatywne rozwizywanie sporw,LEGAL
Alternativmedicinbranschen,HEALTH_CARE
Alternatif Tp,HEALTH_CARE
Alternativn een spor,SPORTS
Alternativn medicna,HEALTH_CARE
Zbavn prmysl,ENTERTAINMENT_LEISURE
eviri ve Yerelletirme,SERVICE
Djursjukvrdsbranschen,AGRICULTURE
Animace,MOTION_PICTURE_VIDEO
Animasi,MOTION_PICTURE_VIDEO
Animasjon,MOTION_PICTURE_VIDEO
Animasyon,MOTION_PICTURE_VIDEO
Animatie,MOTION_PICTURE_VIDEO
Animazione,MOTION_PICTURE_VIDEO
Animeringsbranschen,MOTION_PICTURE_VIDEO
Animacje,MOTION_PICTURE_VIDEO
Anlggningstjnstbranschen,MANUFACTURING
Ansttelser og rekruttering,HUMAN_RESOURCES
Confection et mode,APPAREL_ACCESSORIES
Industria textil y moda,APPAREL_ACCESSORIES
Roupas e moda,APPAREL_ACCESSORIES
Seni Bina Perancangan,ARCHITECTURE_DESIGN
Budownictwo,ARCHITECTURE_DESIGN
Architectuur en ruimtelijke ordening,ARCHITECTURE_DESIGN
Arkitektur och planeringsbranschen,ARCHITECTURE_DESIGN
Arkitektur og byplanlegging,ARCHITECTURE_DESIGN
Arquitetura e planejamento,ARCHITECTURE_DESIGN
Mimari ve Planlama,ARCHITECTURE_DESIGN
Architettura e progettazione,ARCHITECTURE_DESIGN
Arhitectur i proiectare,ARCHITECTURE_DESIGN
Arkitektur og planlgning,ARCHITECTURE_DESIGN
Arquitectura y planificacin,ARCHITECTURE_DESIGN
Architektura a plnovn,ARCHITECTURE_DESIGN
Architektura i planowanie przestrzeni,ARCHITECTURE_DESIGN
Architecture et urbanisme,ARCHITECTURE_DESIGN
Architektur Bauplanung,ARCHITECTURE_DESIGN
Arsitektur Perencanaan,ARCHITECTURE_DESIGN
Linhas areasAviao,AVIATION
Compagnie arienneAviation,AVIATION
Armat,DEFENSE
Wojsko,DEFENSE
Kunst,ARTS_CRAFTS
Kunst og hndverk,ARTS_CRAFTS
Sztuka pikna,ARTS_CRAFTS
Art teatral,ARTS_CRAFTS
Arte i meserii,ARTS_CRAFTS
Artes e artesanato,ARTS_CRAFTS
Arts et artisanat,ARTS_CRAFTS
Konst och hantverksbranschen,ARTS_CRAFTS
Seni dan Kerajinan,ARTS_CRAFTS
Seni dan Kraf,ARTS_CRAFTS
Kunst og hndvrk,ARTS_CRAFTS
Vermogensbeheer,SECURITIES_COMMODITY_EXCHANGES
Vermgensverwaltung,SECURITIES_COMMODITY_EXCHANGES
Atacado,DEFENSE
Atencin sanitaria y hospitalaria,HEALTH_CARE
Atencin a la salud mental,HEALTH_CARE
Autorsk a redaktorsk innost,NEWSPAPER_PUBLISHERS
Autoindustrie,AUTOMOTIVE
Automatyka przemysowa,AUTOMOTIVE
Automatizri industriale,AUTOMOTIVE
Auto,AUTOMOTIVE
Automobilov prmysl,AUTOMOTIVE
Automotif,AUTOMOTIVE
Motoryzacja,AUTOMOTIVE
Otomotif,AUTOMOTIVE
Otomotiv,AUTOMOTIVE
Settore automobilistico,AUTOMOTIVE
Fordonsbranschen,AUTOMOTIVE
Indstria automotiva,AUTOMOTIVE
Industrie automobile,AUTOMOTIVE
Online medie,INTERNET_PUBLISHING
Produo de mdia,MANUFACTURING
Aviaie i industria aerospaial,AEROSPACE
Luchtvaart luchtvaartmaatschappijen,AVIATION
Aviazione e aerospazio,AEROSPACE
Aviasi Penerbangan,AVIATION
Balkov a nkladn doprava,TRANSPORTATION
Banca,BANKING
Bankaclk,BANKING
Bankbranschen,BANKING
Actividades bancarias,BANKING
Bankovnictv,BANKING
Bankowo,BANKING
Bankvirksomhet,BANKING
Bankwesen,BANKING
Bankwezen,BANKING
Perbankan,BANKING
Settore bancario,BANKING
Bancos,BANKING
Banques,BANKING
Banques dinvestissement,BANKING
Grund Sekundarschulwesen,EDUCATION
Grundungdomsuddannelse,EDUCATION
Bas och vidareutbildningsbranschen,EDUCATION
Ba Toplama,ENTERTAINMENT_LEISURE
Lagerbranschen,MANUFACTURING
Mandra,COSMETICS
Belasartes,ARTS_CRAFTS
Mbel,CONSUMER_PRODUCTS
Belle arti,ARTS_CRAFTS
Dermawan,LEGAL
Besksnring,BROADCASTING
Bezdrtov technologie,BROADCASTING
Biblioteksbranschen,EDUCATION
Biotecnologa,BIOTECHNOLOGY
Biotechnologia,BIOTECHNOLOGY
Biotechnologie,BIOTECHNOLOGY
Biotecnologia,BIOTECHNOLOGY
Biotecnologie,BIOTECHNOLOGY
Biotehnologie,BIOTECHNOLOGY
Bioteknologi,BIOTECHNOLOGY
Biyoteknoloji,BIOTECHNOLOGY
Bioteknikbranschen,BIOTECHNOLOGY
Bokfringsbranschen,MANUFACTURING
Allevamento,AGRICULTURE
Hodowla zwierzt,AGRICULTURE
Pres audiovizual,BROADCASTING
Media Penyiaran,BROADCASTING
Media radiotelevisivi,BROADCASTING
Makelaardij,SECURITIES_COMMODITY_EXCHANGES
Bromaterial und ausstattung,CONSULTING
Gda Maddeleri retimi,NEWSPAPER_PUBLISHERS
Construo,CONSTRUCTION
Bouw,CONSTRUCTION
Edilizia,CONSTRUCTION
Bouwmateriaal,CONSTRUCTION
Bahan Pembinaan,CONSTRUCTION
Baumaterialien,CONSTRUCTION
Byggematerialer,CONSTRUCTION
Byggmaterialbranschen,CONSTRUCTION
Materiais de construo,CONSTRUCTION
Material Bangunan,CONSTRUCTION
Materiales de construccin,CONSTRUCTION
Materiali edili,CONSTRUCTION
Materiay budowlane,CONSTRUCTION
Immobili commerciali,ENTREPRENEUR
Forniture aziendali,RETAIL_WHOLESALE
Bedriftsmateriell og utstyr,RETAIL_WHOLESALE
Bekalan dan Kelengkapan Perniagaan,RETAIL_WHOLESALE
Material y equipo de negocios,RETAIL_WHOLESALE
Virksomhedsforsyninger og udstyr,RETAIL_WHOLESALE
Kapita inwestycyjny,VENTURE_CAPITAL
Pasar Modal,VENTURE_CAPITAL
Pasaran Modal,VENTURE_CAPITAL
Kapitalmarkeder,VENTURE_CAPITAL
Marchs des capitaux,VENTURE_CAPITAL
Mercados de capital,VENTURE_CAPITAL
Mercati dei capitali,VENTURE_CAPITAL
Sermaye Piyasalar,VENTURE_CAPITAL
Kapitalmarknadsbranschen,VENTURE_CAPITAL
Automobil,AUTOMOTIVE
Mobil,AUTOMOTIVE
Bil og kjrety,AUTOMOTIVE
Santai Kembara Pelancongan,ENTERTAINMENT_LEISURE
Restauration collective,FOOD_BEVERAGE_TOBACCO
Ristorazione,FOOD_BEVERAGE_TOBACCO
Restaurangbranschen,FOOD_BEVERAGE_TOBACCO
Veeteelt,AGRICULTURE
Glas keramiek en beton,CONSTRUCTION
Sticl ceramic i beton,CONSTRUCTION
Glas keramik och betongbranschen,CONSTRUCTION
Glas Keramik Zement,CONSTRUCTION
Cristal cermica y hormign,CONSTRUCTION
Vidro cermica e concreto,CONSTRUCTION
Chemick prmysl,CHEMICAL
Indstria qumica,CHEMICAL
Bahan Kimia,CHEMICAL
Kemikalier,CHEMICAL
Kjemikalier,CHEMICAL
Productos qumicos,CHEMICAL
Kemikaliebranschen,CHEMICAL
Chemia,CHEMICAL
Chemie,CHEMICAL
Chimica,CHEMICAL
Chimie,CHEMICAL
Kimya,CHEMICAL
Cinema e filmes,MOTION_PICTURE_VIDEO
Cinematografia e film,MOTION_PICTURE_VIDEO
Cinematografie i film,MOTION_PICTURE_VIDEO
Kinematografia i film,MOTION_PICTURE_VIDEO
Burgerlijke en sociale organisatie,SERVICE
Kentsel ve Sosyal Kurumlar,SERVICE
Kommunale og sociale organisationer,SERVICE
Organizaii civice i sociale,SERVICE
Organizzazioni civiche e sociali,SERVICE
Ingeniera civil,CONSTRUCTION
Civiele techniek,CONSTRUCTION
Engenharia civil,CONSTRUCTION
Gnie civil,CONSTRUCTION
Ingegneria civile,CONSTRUCTION
Inginerie civil,CONSTRUCTION
Kejuruteraan Awam,CONSTRUCTION
Teknik Sipil,CONSTRUCTION
Scurit civile,SERVICE
Klr og mote,APPAREL_ACCESSORIES
Odzie i moda,APPAREL_ACCESSORIES
Giyim ve Moda,APPAREL_ACCESSORIES
Kleding en mode,APPAREL_ACCESSORIES
Bekleidung Mode,APPAREL_ACCESSORIES
Didikan Latihan Profesional,SERVICE
quipements collectifs,SERVICE
Nieruchomoci komercyjne,REAL_ESTATE
Erhvervsejendomme,REAL_ESTATE
Commercieel vastgoed,REAL_ESTATE
Gewerbeimmobilien,REAL_ESTATE
Komern nemovitosti,REAL_ESTATE
Bienes inmobiliarios comerciales,REAL_ESTATE
Hartanah Perdagangan,REAL_ESTATE
Immobilier commercial,REAL_ESTATE
Imobiliare comerciale,REAL_ESTATE
Kommersiella fastighetsbranschen,REAL_ESTATE
Ticari Gayri Menkul,REAL_ESTATE
Kommersiell eiendomshandel,REAL_ESTATE
Samfunns og sosialorganisering,SERVICE
Syarikat PenerbanganPenerbangan,SERVICE
Composio e reviso de textos,SERVICE
Comptabilit,SERVICE
Bilgisayar ve A Gvenlii,COMPUTER
Computer og netvrkssikkerhed,SOFTWARE
Computer en netwerkbeveiliging,SOFTWARE
Komputer dan Keamanan Jaringan,SOFTWARE
Siguran computer i reea,SOFTWARE
Dator och ntverksskerhetsbranschen,COMPUTER
Bilgisayar Donanm,COMPUTER
Bilgisayar Oyunlar,COMPUTER
Computerspellen,COMPUTER
Computerspiele,COMPUTER
Dataspill,COMPUTER
Game Komputer,COMPUTER
Gry komputerowe,COMPUTER
Jocuri pe computer,COMPUTER
Jogos de computador,COMPUTER
Permainan Komputer,COMPUTER
Datorspelsbranschen,COMPUTER
Bilgisayar Alar,COMPUTER
ComputerHardware,COMPUTER
Computerhardware,COMPUTER
Datamaskinvare,COMPUTER
Maskinvarubranschen,COMPUTER
Matriel informatique,COMPUTER
Perangkat Keras Komputer,COMPUTER
Perkakasan Komputer,COMPUTER
Sprzt komputerowy,COMPUTER
Computer Netzwerksicherheit,SOFTWARE
Keselamatan Komputer Rangkaian,SOFTWARE
Jaringan Komputer,COMPUTER
Perangkaian Komputer,COMPUTER
ComputerNetzwerke,COMPUTER
Computernetwerken,COMPUTER
Reele de calculatoare,COMPUTER
Reti informatiche,COMPUTER
Rseaux informatiques,COMPUTER
Sieci komputerowe,COMPUTER
Programas informticos,COMPUTER
Seguridad del ordenador y de las redes,SOFTWARE
ComputerSoftware,SOFTWARE
Computersoftware,SOFTWARE
Dataprogramvare,SOFTWARE
Logiciels informatiques,SOFTWARE
Perangkat Lunak Komputer,SOFTWARE
Perisian Komputer,SOFTWARE
Programvarubranschen,SOFTWARE
Bilgisayar Yazlm,SOFTWARE
Yar letkenler,ENTERTAINMENT_LEISURE
Resolucin de conflictos por terceras partes,LEGAL
Stavebnictv,CONSTRUCTION
Baugewerbe,CONSTRUCTION
Bygg og anlegg,CONSTRUCTION
Construccin,CONSTRUCTION
Konstruksi,CONSTRUCTION
Konstruktion,CONSTRUCTION
Hoch und Tiefbau,CONSTRUCTION
Construo de ferrovia,CONSTRUCTION
Budownictwo statkw,CONSTRUCTION
Forbruksvarer,CONSUMER_PRODUCTS
Consumentenelektronica,ELECTRONICS
Forbrukerelektronikk,ELECTRONICS
Artculos de consumo,CONSUMER_PRODUCTS
Produits lectroniques grand public,ELECTRONICS
Barangan Elektronik Pengguna,ELECTRONICS
Electrnica de consumo,ELECTRONICS
Elettronica di consumo,ELECTRONICS
Forbrugerelektronik,ELECTRONICS
Konsumentelektronikbranschen,ELECTRONICS
Unterhaltungselektronik,ELECTRONICS
Barang Konsumsi,CONSUMER_PRODUCTS
Barangan Pengguna,CONSUMER_PRODUCTS
Beni di consumo,CONSUMER_PRODUCTS
Bens de consumo,CONSUMER_PRODUCTS
Biens de consommation,CONSUMER_PRODUCTS
Bunuri de larg consum,CONSUMER_PRODUCTS
Consumptiegoederen,CONSUMER_PRODUCTS
Forbrugervarer,CONSUMER_PRODUCTS
Konsumentartikelbranschen,CONSUMER_PRODUCTS
Forbrugertjenester,SERVICE
Forbrukertjenester,SERVICE
Perkhidmatan Pengguna,SERVICE
Services aux consommateurs,SERVICE
Usugi konsumenckie,SERVICE
Verbraucherdienste,SERVICE
Jasa Konsumen,CONSUMER_PRODUCTS
Wadah Pemikir,ENTREPRENEUR
Tekstforfatning og redigering,NEWSPAPER_PUBLISHERS
Kozmetik,COSMETICS
Cosmetica,COSMETICS
Kosmetik,COSMETICS
Kosmetika,COSMETICS
Kosmetikk,COSMETICS
Kosmetyki,COSMETICS
Cosmtiques,COSMETICS
Curierat,CARGO_HANDLING
CorriereSpedizioni,CARGO_HANDLING
Kunstgewerbe,ARTS_CRAFTS
Ambachten,ARTS_CRAFTS
Artesana,ARTS_CRAFTS
Arti e mestieri,ARTS_CRAFTS
Atendimento ao consumidor,SERVICE
Klantenservice,SERVICE
Servicii clieni,SERVICE
Servicio al consumidor,SERVICE
Organizacin cvica y social,SERVICE
D kaynak kullanmOffshore,HUMAN_RESOURCES
Lattiero caseario,FOOD_BEVERAGE_TOBACCO
Mejeri,FOOD_BEVERAGE_TOBACCO
Milchwirtschaft,FOOD_BEVERAGE_TOBACCO
Zuivel,FOOD_BEVERAGE_TOBACCO
Meieriprodukter,FOOD_BEVERAGE_TOBACCO
Produk Susu,FOOD_BEVERAGE_TOBACCO
Produse lactate,FOOD_BEVERAGE_TOBACCO
Secteur laitier,FOOD_BEVERAGE_TOBACCO
Data og nettverkssikkerhet,COMPUTER
Datorntverksbranschen,COMPUTER
Forsvar og rumfart,DEFENSE
Obrana a vesmr,DEFENSE
Verteidigung Raumfahrt,DEFENSE
Defensie,DEFENSE
Difesa e spazio,DEFENSE
Forsvar og romfart,DEFENSE
Savunma ve Uzay,DEFENSE
Defesa e espao,DEFENSE
Dfense et espace,DEFENSE
Defensie ruimtevaart,DEFENSE
Pertahanan Angkasa,DEFENSE
Pertahanan Luar Angkasa,DEFENSE
Systemy obronne i badanie kosmosu,DEFENSE
Pengiriman PaketKargo,CARGO_HANDLING
PaketYk Teslimi,CARGO_HANDLING
Denktanks,DEFENSE
Departamento de defensa y del espacio exterior,DEFENSE
Depozite,BANKING
Desain,ARCHITECTURE_DESIGN
Diseo,ARCHITECTURE_DESIGN
Designbranschen,ARCHITECTURE_DESIGN
Projektowanie,ARCHITECTURE_DESIGN
Pembinaan,CONSTRUCTION
Sviluppo di programmi,CONSTRUCTION
Pembangunan Program,CONSTRUCTION
Pengembangan Program,CONSTRUCTION
Desenvolvimento de programas,CONSTRUCTION
Dezvoltare programe,CONSTRUCTION
Directie,CONSULTING
Rozvodn podniky,SERVICE
Dnce Kurulular,SERVICE
Dotacin y seleccin de personal,HUMAN_RESOURCES
Schne Knste,ARTS_CRAFTS
Organisation dvnements,ENTERTAINMENT_LEISURE
e Alma ve Ekip Kurma,HUMAN_RESOURCES
Comer,FOOD_BEVERAGE_TOBACCO
Ekologick sluby,ENERGY
Eczaclk,PHARMACEUTICALS
Yazm ve Dzenleme,NEWSPAPER_PUBLISHERS
Administration scolaire et universitaire,EDUCATION
Bildungsmanagement,EDUCATION
Manajemen Pendidikan,EDUCATION
Onderwijsmanagement,EDUCATION
Pengurusan Pendidikan,EDUCATION
Uddannelsesadministration,EDUCATION
Utbildningsadministrationsbranschen,EDUCATION
Utdanningsledelse,EDUCATION
Szkolnictwo podstawowerednie,EDUCATION
Educacin primariasecundaria,EDUCATION
Pendidikan UtamaSekunder,EDUCATION
Eitim Ynetimi,EDUCATION
Gesto educacional,EDUCATION
Gestin educativa,EDUCATION
egluga,SERVICE
Einlrningsbranschen,FINANCIAL_SERVICES
Manufactura elctricaelectrnica,ELECTRONICS
Elektrisk og elektronisk produksjon,ELECTRONICS
Produzione elettrica ed elettronica,ELECTRONICS
Productie elektrischeelektronische goederen,ELECTRONICS
Jeux lectroniques,ELECTRONICS
BarangBarang Elektronik,ELECTRONICS
Elektroniske medier,ELECTRONICS
Produtos eletrnicos,ELECTRONICS
Electronice,ELECTRONICS
Elektronikbranschen tillverkning,ELECTRONICS
Elektronika uytkowa,ELECTRONICS
ElektrikElektronik retimi,ELECTRONICS
ElektroElektronikHerstellung,ELECTRONICS
Elelektronikproduktion,ELECTRONICS
Manufatura de eletroeletrnicos,ELECTRONICS
Endstriyel Otomasyon,AUTOMOTIVE
Energieversorgung,ENERGY
Inynieria ldowa,MANUFACTURING
letme Malzeme Tedarii ve Ekipman,RETAIL_WHOLESALE
Divertisment,ENTERTAINMENT_LEISURE
Divertissements,ENTERTAINMENT_LEISURE
Entretenimento,ENTERTAINMENT_LEISURE
Entretenimiento,ENTERTAINMENT_LEISURE
Hiburan,ENTERTAINMENT_LEISURE
Intrattenimento,ENTERTAINMENT_LEISURE
Rozrywka,ENTERTAINMENT_LEISURE
Underholdning,ENTERTAINMENT_LEISURE
Unterhaltung,ENTERTAINMENT_LEISURE
Entreprenr,ENTREPRENUER
Environnement et nergies renouvelables,ENERGY
Ochrona rodowiska,ENERGY
evre Koruma Hizmetleri,ENERGY
Layanan Lingkungan,ENERGY
Servicii de mediu,ENERGY
Miljtjenester,ENERGY
Perkhidmatan Alam Sekitar,ENERGY
Servicios medioambientales,ENERGY
Servios ambientais,ENERGY
Servizi ambientali,ENERGY
Umweltdienste,ENERGY
EPembelajaran,EDUCATION
Erdl Energiewirtschaft,ENERGY
Gabinetes estratgicos,CONSUMER_PRODUCTS
Evenemangstjnstbranschen,ENTERTAINMENT_LEISURE
Arrangementstjenester,SERVICE
Etkinlik Hizmetleri,SERVICE
Layanan Acara,SERVICE
Servicios de eventos,SERVICE
Servizi per eventi,SERVICE
Veranstaltungsdienste,SERVICE
Pengaturcara Majlis,SERVICE
Evenementenservices,SERVICE
evrimii Medya,NEWSPAPER_PUBLISHERS
Execuo da lei,LEGAL
Organ wykonawczy,SERVICE
Funcii executive,SERVICE
Oficina ejecutiva,SERVICE
Pejabat Eksekutif,SERVICE
Ufficio esecutivo,SERVICE
Expertgruppsbranschen,CONSULTING
Externalisationdlocalisation,RETAIL_WHOLESALE
ExternalizareExtrateritorializare,RETAIL_WHOLESALE
Tekstylia,MANUFACTURING
Facilitetstjenester,SERVICE
quipements et services de loisirs,SERVICE
Strutture e servizi per le attivit ricreative,SERVICE
Instalaes e servios de recreao,SERVICE
quipements mdicaux,HEALTH_CARE
Facilitaire services,SERVICE
Servicios infraestructurales,SERVICE
Fasilitetstjenester,SERVICE
Tesis Hizmetleri,SERVICE
iftlik letme,AGRICULTURE
Farmakologibranschen,PHARMACEUTICALS
Pakaian Fesyen,APPAREL_ACCESSORIES
Pakaian Mode,APPAREL_ACCESSORIES
Fdevareproduktion,FOOD_BEVERAGE_TOBACCO
Spillefilm og andre film,MOTION_PICTURE_VIDEO
Kaca Seramik Konkrit,CONSTRUCTION
ffentlicher Dienst,SERVICE
Arti figurative,ARTS_CRAFTS
Filmindustrie,MOTION_PICTURE_VIDEO
Industrie cinmatographique,MOTION_PICTURE_VIDEO
Pelculas y cine,MOTION_PICTURE_VIDEO
Financile administratie,FINANCIAL_SERVICES
Finann sluby,FINANCIAL_SERVICES
Financile services,FINANCIAL_SERVICES
Finansal Hizmetler,FINANCIAL_SERVICES
Finansielle tjenester,FINANCIAL_SERVICES
Finanstjenester,FINANCIAL_SERVICES
Finanzdienstleistungen,FINANCIAL_SERVICES
Jasa Keuangan,FINANCIAL_SERVICES
Perkhidmatan Kewangan,FINANCIAL_SERVICES
Services financiers,FINANCIAL_SERVICES
Servicii financiare,FINANCIAL_SERVICES
Servicios financieros,FINANCIAL_SERVICES
Servios financeiros,FINANCIAL_SERVICES
Servizi finanziari,FINANCIAL_SERVICES
Usugi finansowe,FINANCIAL_SERVICES
Finanstjnstebranschen,FINANCIAL_SERVICES
Bellas Artes,ARTS_CRAFTS
Seni Halus,ARTS_CRAFTS
Seni Rupa,ARTS_CRAFTS
Fischereiwirtschaft,FOOD_BEVERAGE_TOBACCO
Perikanan,FOOD_BEVERAGE_TOBACCO
Piscicultura,FOOD_BEVERAGE_TOBACCO
Visserij,FOOD_BEVERAGE_TOBACCO
Fiskeri,FOOD_BEVERAGE_TOBACCO
Pescuit,FOOD_BEVERAGE_TOBACCO
Rybolov,FOOD_BEVERAGE_TOBACCO
Settore pesca,FOOD_BEVERAGE_TOBACCO
Fiskebranschen,FOOD_BEVERAGE_TOBACCO
Flyg och rymdfartsbranschen,AEROSPACE
Penerbangan Aeroangkasa,AEROSPACE
Alimenti e bevande,FOOD_BEVERAGE_TOBACCO
Makanan Minuman,FOOD_BEVERAGE_TOBACCO
ywno i napoje,FOOD_BEVERAGE_TOBACCO
Mat och dryckesbranschen,FOOD_BEVERAGE_TOBACCO
Voedsel en dranken,FOOD_BEVERAGE_TOBACCO
Mat og drikke,FOOD_BEVERAGE_TOBACCO
Alimente i buturi,FOOD_BEVERAGE_TOBACCO
Alimentos e bebidas,FOOD_BEVERAGE_TOBACCO
Mad og drikkevarer,FOOD_BEVERAGE_TOBACCO
Potraviny a npoje,FOOD_BEVERAGE_TOBACCO
Yiyecek ve ecek,FOOD_BEVERAGE_TOBACCO
Lebensmittel Getrnke,FOOD_BEVERAGE_TOBACCO
Producie alimentar,FOOD_BEVERAGE_TOBACCO
Lebensmittelherstellung,FOOD_BEVERAGE_TOBACCO
Livsmedelsproduktionsbranschen,FOOD_BEVERAGE_TOBACCO
Matproduksjon,FOOD_BEVERAGE_TOBACCO
Pengeluaran Makanan,FOOD_BEVERAGE_TOBACCO
Produccin alimentaria,FOOD_BEVERAGE_TOBACCO
Produksi Makanan,FOOD_BEVERAGE_TOBACCO
Voedselproductie,FOOD_BEVERAGE_TOBACCO
Dln prmysl a kovy,SERVICE
Forze dellordine,RETAIL_WHOLESALE
Affaires trangres,FOREIGN_AFFAIRS
Produk Kertas Perhutanan,CONSUMER_PRODUCTS
Forme et bientre,HEALTH_CARE
Formacin profesional y capacitacin,CONSULTING
Forsyningsvrker,RETAIL_WHOLESALE
Fraktbranschen,ARTS_CRAFTS
Messageries et fret,CARGO_HANDLING
Frlagsbranschen,AVIATION
Frpacknings och behllarbranschen,CARGO_HANDLING
Frsvars och rymdfartsbranschen,AEROSPACE
Ensino fundamentalmdio,EDUCATION
Colectare de fonduri,FINANCIAL_SERVICES
Fondsenwerving,FINANCIAL_SERVICES
Pengumpulan Dana,FINANCIAL_SERVICES
Raccolta fondi,FINANCIAL_SERVICES
Recaudacin de fondos,FINANCIAL_SERVICES
Zdobywanie funduszy,FINANCIAL_SERVICES
Fundraisingbranschen,FINANCIAL_SERVICES
Arredamento,CONSUMER_PRODUCTS
Woninginrichting,CONSUMER_PRODUCTS
Meble,CONSUMER_PRODUCTS
Meubles,CONSUMER_PRODUCTS
Mobiliario,CONSUMER_PRODUCTS
Mobilya,CONSUMER_PRODUCTS
Perabot,CONSUMER_PRODUCTS
Apuestas y casinos,ENTERTAINMENT_LEISURE
Spel och kasinobranschen,ENTERTAINMENT_LEISURE
Gioco dazzardo e casin,ENTERTAINMENT_LEISURE
Gokken en casinos,ENTERTAINMENT_LEISURE
Hazard i kasyna,ENTERTAINMENT_LEISURE
Hazardn hry a kasina,ENTERTAINMENT_LEISURE
Jocuri de noroc i cazinouri,ENTERTAINMENT_LEISURE
Jogos de azar e cassinos,ENTERTAINMENT_LEISURE
Kumar ve Kumarhaneler,ENTERTAINMENT_LEISURE
Judi Kasino,ENTERTAINMENT_LEISURE
Videojuegos,ENTERTAINMENT_LEISURE
Spil og casinoer,ENTERTAINMENT_LEISURE
Jeux dargent et casinos,ENTERTAINMENT_LEISURE
Gebudeverwaltung,CONSTRUCTION
Vetro ceramica e cemento,CONSTRUCTION
Glass keramikk og betong,CONSTRUCTION
Cam Seramik ve Beton,CONSTRUCTION
Verres cramiques et ciments,CONSTRUCTION
Sklo keramika a beton,CONSTRUCTION
Kaca Keramik Beton,CONSTRUCTION
Biens et quipements pour les entreprises,RETAIL_WHOLESALE
Rijksoverheid,SERVICE
Administracin gubernamental,SERVICE
Administrao governamental,SERVICE
Pentadbiran Kerajaan,SERVICE
Statsadministration,SERVICE
Regeringsmyndighed,SERVICE
Statsinstitutioner,SERVICE
Hubungan Pemerintah,SERVICE
Beziehung zu Regierungen,SERVICE
Myndighetsrelationsbranschen,SERVICE
Overheidsbetrekkingen,SERVICE
Perhubungan Kerajaan,SERVICE
Relaciones gubernamentales,SERVICE
Relaes governamentais,SERVICE
Relaii guvernamentale,SERVICE
Relazioni governo,SERVICE
Devlet likileri,SERVICE
Amministrazione governativa,SERVICE
Desain Grafis,ARCHITECTURE_DESIGN
Design graphique,ARCHITECTURE_DESIGN
Diseo grfico,ARCHITECTURE_DESIGN
Grafik Tasarm,ARCHITECTURE_DESIGN
Grafikdesign,ARCHITECTURE_DESIGN
Grafisch ontwerp,ARCHITECTURE_DESIGN
Grafisk design,ARCHITECTURE_DESIGN
Grafiska designbranschen,ARCHITECTURE_DESIGN
Progettazione grafica,ARCHITECTURE_DESIGN
Projektowanie graficzne,ARCHITECTURE_DESIGN
Grnictwo i metalurgia,CHEMICAL
Grohandel,RETAIL_WHOLESALE
Grossistbranschen,RETAIL_WHOLESALE
Grunnskolevideregende skole,EDUCATION
Gzel Sanatlar,ARTS_CRAFTS
Hakimsavc,FOOD_BEVERAGE_TOBACCO
Halvledarbranschen,TECHNOLOGY
Maini,SERVICE
Skerhets och utredningsbranschen,SERVICE
Hardwares,COMPUTER
eleznin vroba,COMPUTER
Havaclk ve Uzay,AEROSPACE
HavayoluHavaclk,AVIATION
Kesehatan dan Kebugaran,HEALTH_CARE
Hospital Penjagaan Kesihatan,HEALTH_CARE
Salute benessere e fitness,HEALTH_CARE
Sundhed velvre og fitness,HEALTH_CARE
Gezondheid wellness en fitness,HEALTH_CARE
Helse velvre og trening,HEALTH_CARE
Kesihatan Kesejahteraan dan Kesihatan Badan,HEALTH_CARE
Sanidad bienestar y ejercicio,HEALTH_CARE
Gesundheit Wellness Fitness,HEALTH_CARE
Zdrowie wellness i fitness,HEALTH_CARE
Gezondheidszorg,HEALTH_CARE
Technologies et services de linformation,SOFTWARE
Enseanza superior,EDUCATION
Ensino superior,EDUCATION
Hjere uddannelse,EDUCATION
Hoger onderwijs,EDUCATION
Istruzione superiore,EDUCATION
Pendidikan Tinggi,EDUCATION
Perguruan Tinggi,EDUCATION
Szkolnictwo wysze,EDUCATION
Vidareutbildningsbranschen,EDUCATION
Hlso friskvrds och fitnessbranschen,HEALTH_CARE
Sykehus og helsevesen,HEALTH_CARE
Hastane ve Salk,HEALTH_CARE
Hospital og sundhedspleje,HEALTH_CARE
Rumah Sakit dan Perawatan Kesehatan,HEALTH_CARE
Krankenhaus Gesundheitsbereich,HEALTH_CARE
Hospitaliti,SERVICE
Hostelera,SERVICE
Hotelaria,SERVICE
Hotelarstwo,SERVICE
Pohostinstv,SERVICE
Horeca en toerisme,SERVICE
Hpitaux et centres de soins,HEALTH_CARE
Nemocnice a zdravotn pe,HEALTH_CARE
Szpitale i opieka zdrowotna,HEALTH_CARE
Strutture ospedaliere e sanit,HEALTH_CARE
Sjukhus och hlsovrdsbranschen,HEALTH_CARE
Hotel und Gaststttengewerbe,HOTEL
Settore alberghiero,HOTEL
Construcii,REAL_ESTATE
Gemi nas,EDUCATION
Htellerie et hbergement,HOTEL
Humanmedizin,HEALTH_CARE
Lidsk zdroje,HUMAN_RESOURCES
Personalwesen,HUMAN_RESOURCES
Recursos humanos,HUMAN_RESOURCES
Ressources humaines,HUMAN_RESOURCES
Resurse umane,HUMAN_RESOURCES
Risorse umane,HUMAN_RESOURCES
Sumber Daya Manusia,HUMAN_RESOURCES
nsan Kaynaklar,HUMAN_RESOURCES
Personalistika a nbor pracovnk,HUMAN_RESOURCES
Kadry i rekrutacja,HUMAN_RESOURCES
Sumber Manusia,HUMAN_RESOURCES
Humanitaire,SERVICE
Hushllstjnstbranschen,WEWEWE
Hyere utdanning,EDUCATION
Arte plastice,ARTS_CRAFTS
Impor dan Ekspor,RETAIL_WHOLESALE
Import dan Eksport,RETAIL_WHOLESALE
Import og eksport,RETAIL_WHOLESALE
Import und Export,RETAIL_WHOLESALE
Importar y exportar,RETAIL_WHOLESALE
thalat ve hracat,RETAIL_WHOLESALE
Import och exportbranschen,RETAIL_WHOLESALE
Importao e exportao,RETAIL_WHOLESALE
Hukuk,LEGAL
Penghasilan Media,MOTION_PICTURE_VIDEO
Individuele en familie services,CONSULTING
Bireysel ve Aile Hizmetleri,CONSULTING
Person og familietjenester,CONSULTING
Servicii individuale i de familie,CONSULTING
Servios individuais e familiares,CONSULTING
Layanan Individu Keluarga,CONSULTING
Perkhidmatan Individu Keluarga,CONSULTING
Individuelle tjenester og familietjenester,CONSULTING
Indstria farmacutica,PHARMACEUTICALS
Automatismes industriels,AUTOMOTIVE
Automazione industriale,AUTOMOTIVE
Industri Automasi,AUTOMOTIVE
Industriell automatisering,AUTOMOTIVE
Industriella automatiseringsbranschen,AUTOMOTIVE
Industrielle Automatisierung,AUTOMOTIVE
Industrile automatisering,AUTOMOTIVE
Otomasi Industri,AUTOMOTIVE
Ingeniera industrial o mecnica,MANUFACTURING
Macchinari industriali,MANUFACTURING
Industriel mekanisering,MANUFACTURING
Industrie composants lectriqueslectroniques,ELECTRONICS
Consultora de estrategia y operaciones,CONSULTING
Prmyslov mechanizace,MANUFACTURING
Informan sluby,SERVICE
Informan technologie a sluby,SOFTWARE
Informasjonstjenester,SERVICE
Sicurezza informatica e delle reti,SOFTWARE
Bilgi Hizmetleri,SERVICE
Informationsdienste,SERVICE
Informationstjenester,SERVICE
Layanan Informasi,SERVICE
Perkhidmatan Maklumat,SERVICE
Servicii de informare,SERVICE
Servizi informativi,SERVICE
Usugi informatyczne,SERVICE
Bilgi Teknolojisi ve Hizmetleri,SOFTWARE
Diplomatischer Dienst,SOFTWARE
IT und Services,SOFTWARE
Informasjonsteknologi og tjenester,SOFTWARE
Informatica e servizi,SOFTWARE
Informatietechnologie en services,SOFTWARE
Informationsteknikbranschen,SOFTWARE
Informationsteknologi og tjenester,SOFTWARE
Technologie i usugi informatyczne,SOFTWARE
Teknologi Maklumat dan Perkhidmatan,SOFTWARE
Layanan dan Teknologi Informasi,SOFTWARE
Tehnologia informaiei i servicii informatice,SOFTWARE
Informationstjnstbranschen,SOFTWARE
Equipo informtico,SOFTWARE
Servizi infrastrutturali,SERVICE
Ingnierie du mcnat,MANUFACTURING
Modal Permulaan Equiti Persendirian,VENTURE_CAPITAL
Sprva a drba budov,SERVICE
Sprva investic,FINANCIAL_SERVICES
Innsamlingfundraising,FINANCIAL_SERVICES
Asigurri,FINANCIAL_SERVICES
Assicurazioni,FINANCIAL_SERVICES
Assurances,FINANCIAL_SERVICES
Asuransi,FINANCIAL_SERVICES
Forsikring,FINANCIAL_SERVICES
Insurans,FINANCIAL_SERVICES
Seguros,FINANCIAL_SERVICES
Sigorta,FINANCIAL_SERVICES
Ubezpieczenia,FINANCIAL_SERVICES
Versicherungswesen,FINANCIAL_SERVICES
Verzekeringen,FINANCIAL_SERVICES
Affari internazionali,FOREIGN_AFFAIRS
Hal Ehwal Antarabangsa,FOREIGN_AFFAIRS
Internationale anliggender,FOREIGN_AFFAIRS
Urusan Internasional,FOREIGN_AFFAIRS
Afaceri internaionale,FOREIGN_AFFAIRS
Asuntos internacionales,FOREIGN_AFFAIRS
Internasjonale relasjoner,FOREIGN_AFFAIRS
Internationella relationsbranschen,FOREIGN_AFFAIRS
Relaes internacionais,FOREIGN_AFFAIRS
Stosunki midzynarodowe,FOREIGN_AFFAIRS
Internationale betrekkingen en diplomatieke dienst,FOREIGN_AFFAIRS
Uluslararas Ticaret ve Gelitirme,RETAIL_WHOLESALE
Comer i dezvoltare internaional,RETAIL_WHOLESALE
Commerce et dveloppement international,RETAIL_WHOLESALE
Commercio internazionale e sviluppo,RETAIL_WHOLESALE
Desarrollo y comercio internacional,RETAIL_WHOLESALE
Internasjonal handel og utvikling,RETAIL_WHOLESALE
International handel og udvikling,RETAIL_WHOLESALE
Internationale handel en ontwikkeling,RETAIL_WHOLESALE
Perdagangan dan Pembangunan Antarabangsa,RETAIL_WHOLESALE
Perdagangan dan Pengembangan Internasional,RETAIL_WHOLESALE
Internationella handels och utvecklingsbranschen,RETAIL_WHOLESALE
Intl Handel Entwicklung,RETAIL_WHOLESALE
Internett,COMPUTER
nternet,COMPUTER
Media internetowe,COMPUTER
Internetbranschen,COMPUTER
Internetov mdia,COMPUTER
Investin bankovnictv,INVESTMENT_BANKING
Investeringsbank,INVESTMENT_BANKING
Banca de inversiones,INVESTMENT_BANKING
Bankowo inwestycyjna,INVESTMENT_BANKING
Investeringsbankwezen,INVESTMENT_BANKING
Perbankan Investasi,INVESTMENT_BANKING
Perbankan Pelaburan,INVESTMENT_BANKING
Bancos de investimento,INVESTMENT_BANKING
Investeringsbanker,INVESTMENT_BANKING
Gestin de inversiones,INVESTMENT_BANKING
Gestione investimenti,INVESTMENT_BANKING
Investeringsstyring,INVESTMENT_BANKING
Management investiii,INVESTMENT_BANKING
Manajemen Investasi,INVESTMENT_BANKING
Pengurusan Pelaburan,INVESTMENT_BANKING
Kapitalforvaltning,INVESTMENT_BANKING
Gesto de investimentos,INVESTMENT_BANKING
Scurit informatique et des rseaux,SOFTWARE
ITbranschen,SOFTWARE
Gazetecilik,NEWSPAPER_PUBLISHERS
Judicial,LEGAL
Institutions judiciaires,LEGAL
Domstolsbranschen,LEGAL
Giudiziario,LEGAL
Rechterlijke macht,LEGAL
Rettsvesen,LEGAL
Soudnictv,LEGAL
Justiz,LEGAL
Peradilan,LEGAL
Kapitalfrvaltningsbranschen,VENTURE_CAPITAL
Kapitalmrkte,VENTURE_CAPITAL
Kapitlov trhy,VENTURE_CAPITAL
Servicii dotri,SERVICE
Konsumenttjnstbranschen,CONSUMER_PRODUCTS
Konsumgter,CONSUMER_PRODUCTS
Kosmetikbranschen,COSMETICS
Kr Amac Gtmeyen Organizasyon Ynetimi,FOOD_BEVERAGE_TOBACCO
Ktphanecilik,MOTION_PICTURE_VIDEO
laboration de programmes,SERVICE
Cumplimiento de la ley,LEGAL
Penegakan Hukum,LEGAL
Penguatkuasaan Undangundang,LEGAL
Wetshandhaving,LEGAL
Studio legale,LEGAL
Juridikbranschen,LEGAL
Lovpraksis,LEGAL
Praktik Hukum,LEGAL
Avocats,LEGAL
Belajar Online,EDUCATION
Ledelsesrdgivning,LEGAL
Rechtswesen,LEGAL
Hukuki Yaptrm,LEGAL
Amalan Guaman,LEGAL
Praktyka prawna,LEGAL
Advocatuur,LEGAL
Juridische services,LEGAL
Juridisk tjenesteyting,LEGAL
Juridiske tjenester,LEGAL
Juristische Dienstleistungen,LEGAL
Layanan Hukum,LEGAL
Perkhidmatan Perundangan,LEGAL
Services juridiques,LEGAL
Servicii juridice,LEGAL
Servicios jurdicos,LEGAL
Servizi legali,LEGAL
Usugi prawnicze,LEGAL
Yasal Hizmetler,LEGAL
Juridiska tjnstebranschen,LEGAL
Wetgeving,LEGAL
Legislativn ady,LEGAL
Lagstiftande myndighetsbranschen,LEGAL
Lovgivende institution,LEGAL
Birou legislativ,LEGAL
Kantor Legislatif,LEGAL
Oficina legislativa,LEGAL
Ufficio legislativo,LEGAL
Yasama Meclisi,LEGAL
Czas wolny podre i turystyka,ENTERTAINMENT_LEISURE
Timp liber cltorii i turism,ENTERTAINMENT_LEISURE
Fritidsanlegg og tjenester,ENTERTAINMENT_LEISURE
Fritidsaktivitetsbranschen,ENTERTAINMENT_LEISURE
Dinlence Seyahat ve Turizm,ENTERTAINMENT_LEISURE
Fritid reise og turisme,ENTERTAINMENT_LEISURE
Fritid rejser og turisme,ENTERTAINMENT_LEISURE
Lazer viagens e turismo,ENTERTAINMENT_LEISURE
Loisirs voyages et tourisme,ENTERTAINMENT_LEISURE
Ocio viajes y turismo,ENTERTAINMENT_LEISURE
Tempo libero viaggi e turismo,ENTERTAINMENT_LEISURE
Fritids rese och turismbranschen,ENTERTAINMENT_LEISURE
Letectv a kosmonautika,AEROSPACE
Mandat lgislatif,LEGAL
Uluslararas likiler,FOREIGN_AFFAIRS
Bibliothekswesen,SERVICE
Knihovnictv,SERVICE
Bibliotecas,SERVICE
Biblioteche,SERVICE
Biblioteci,SERVICE
Biblioteker,SERVICE
Bibliotheken,SERVICE
Bibliothques,SERVICE
Bibliotek,SERVICE
Biblioteki,SERVICE
Perpustakaan,SERVICE
levage,SERVICE
Linee aereeAviazione,AVIATION
Ganadera,AGRICULTURE
Penternakan,AGRICULTURE
Peternakan,AGRICULTURE
Viehwirtschaft,AGRICULTURE
Boskapsbranschen,AGRICULTURE
Lkask praxe,LEGAL
Lkask pstroje,LEGAL
lkOrta renim,APPAREL_ACCESSORIES
Logistika a dodavatelsk etzce,CARGO_HANDLING
Logistique et chane dapprovisionnement,CARGO_HANDLING
Logistik og forsyningskde,CARGO_HANDLING
Logistyka i acuch dostaw,CARGO_HANDLING
Logistic i lan de aprovizionare,CARGO_HANDLING
Logistiek en supply chain,CARGO_HANDLING
Logistik dan Rantai Suplai,CARGO_HANDLING
Logistik dan Rantaian Pembekalan,CARGO_HANDLING
Logistik und Beschaffung,CARGO_HANDLING
Logistikk og leveringskjede,CARGO_HANDLING
Logstica e cadeia de suprimentos,CARGO_HANDLING
Logstica y cadena de suministro,CARGO_HANDLING
Lojistik ve Tedarik Zinciri,CARGO_HANDLING
Logistikkveitransportjernbane,CARGO_HANDLING
Logistikbranschen,CARGO_HANDLING
Articles de luxe et bijouterie,CONSUMER_PRODUCTS
Luxeartikelen en juwelen,CONSUMER_PRODUCTS
Produtos de luxo e joias,CONSUMER_PRODUCTS
Lks rnler ve Mcevherat,CONSUMER_PRODUCTS
Artculos de lujo y joyas,CONSUMER_PRODUCTS
Beni di lusso e gioielli,CONSUMER_PRODUCTS
Luksusvarer og smykker,CONSUMER_PRODUCTS
Barang Mewah Perhiasan,CONSUMER_PRODUCTS
Barangan Mewah Barang Kemas,CONSUMER_PRODUCTS
Luxusgter Schmuck,CONSUMER_PRODUCTS
Luxusn zbo a klenotnictv,CONSUMER_PRODUCTS
Lyxvaru och smyckesbranschen,CONSUMER_PRODUCTS
Makine,MANUFACTURING
Strojn prmysl,MANUFACTURING
Maquinaria,MANUFACTURING
Maskineri,MANUFACTURING
Maskin och industriteknikbranschen,MANUFACTURING
Maskineribranschen,MANUFACTURING
Maskiner,MANUFACTURING
Maszyny,MANUFACTURING
Machines et quipements,MANUFACTURING
Permesinan,MANUFACTURING
Magistratur,LEGAL
Huvudmyndighetsbranschen,LEGAL
Doradztwo w zakresie zarzdzania,CONSULTING
Konsultan Manajemen,CONSULTING
Conseil en management,CONSULTING
Consulenza manageriale,CONSULTING
Consultan management,CONSULTING
Consultoria de gerenciamento,CONSULTING
Fretagsrdgivningsbranschen,CONSULTING
Jururunding Pengurusan,CONSULTING
Ledelseskonsultering,CONSULTING
ManagementBeratung,CONSULTING
Gestione in ambito formativo,EDUCATION
Management organizaii nonprofit,CONSULTING
Zarzdzanie edukacj,EDUCATION
Gestin de organizaciones sin nimo de lucro,CONSULTING
Gestione organizzazioni senza scopo di lucro,CONSULTING
Zarzdzanie inwestycjami,INVESTMENT_BANKING
Produkcja urzdze elektrycznych i elektronicznych,ELECTRONICS
Produkcja tworzyw sztucznych,MANUFACTURING
Producie electriceelectronice,ELECTRONICS
Producie media,MANUFACTURING
Pengilangan Barangan ElektrikElektronik,ENERGY
Manufaktur ListrikElektronik,ELECTRONICS
Maquinrio,MANUFACTURING
Denizcilik,DEFENSE
Maritim,DEFENSE
Marittimo,DEFENSE
Maritim virksomhet,DEFENSE
Transporte martimo,TRANSPORTATION
Markedsfring og annonsering,ADVERTISING
Markedsanalyse,CONSULTING
Piyasa Aratrmas,CONSULTING
Badania rynku,CONSULTING
Cercetare de pia,CONSULTING
Investigacin de mercado,CONSULTING
Markedsunderskelser,CONSULTING
Marktforschung,CONSULTING
Marktonderzoek,CONSULTING
Ricerche di mercato,CONSULTING
Riset Pasar,CONSULTING
Penyelidikan Pasaran,CONSULTING
Pesquisa de mercado,CONSULTING
Marketing e pubblicit,ADVERTISING
Marketing e publicidade,ADVERTISING
Marketing en reclame,ADVERTISING
Marketing et publicit,ADVERTISING
Marketing i publicitate,ADVERTISING
Marketing og annoncering,ADVERTISING
Marketing und Werbung,ADVERTISING
Marketing y publicidad,ADVERTISING
Pemasaran dan Iklan,ADVERTISING
Pemasaran dan Periklanan,ADVERTISING
Pazarlama ve Reklamclk,ADVERTISING
Marknadsfrings och reklambranschen,ADVERTISING
Marknadsunderskningsbranschen,ADVERTISING
Maskiningenir eller produksjonsingenir,MANUFACTURING
rodki masowego przekazu,TELECOMMUNICATIONS
Materiale de construcii,MANUFACTURING
Mbelbranschen,CONSUMER_PRODUCTS
mbrcminte i mod,APPAREL_ACCESSORIES
Mdia de difuso,TELECOMMUNICATIONS
Secteur mdicopsychologique,HEALTH_CARE
Medios de comunicacin en lnea,TELECOMMUNICATIONS
Medios de difusin,TELECOMMUNICATIONS
Maschinenbau,MANUFACTURING
Engenharia mecnica ou industrial,MANUFACTURING
Inynieria mechaniczna lub przemysowa,MANUFACTURING
Mekanik veya Endstriyel Mhendislik,MANUFACTURING
Ingegneria meccanica o industriale,MANUFACTURING
Inginerie mecanic sau industrial,MANUFACTURING
Kejuruteraan Mekanik atau Industri,MANUFACTURING
Maschinenbau Betriebstechnik,MANUFACTURING
Mechanische of industrile techniek,MANUFACTURING
Teknik Mesin atau Industri,MANUFACTURING
Ingnierie mcanique ou industrielle,MANUFACTURING
Mdias en ligne,TELECOMMUNICATIONS
Media Secara Online,TELECOMMUNICATIONS
Medienproduktion,MOTION_PICTURE_VIDEO
Medieproduksjon,MOTION_PICTURE_VIDEO
Medieproduktion,MOTION_PICTURE_VIDEO
Medieproduktionsbranschen,MOTION_PICTURE_VIDEO
Production audiovisuelle,MOTION_PICTURE_VIDEO
Produksi Media,MOTION_PICTURE_VIDEO
Medya retimi,TELECOMMUNICATIONS
Medya Yayncl,TELECOMMUNICATIONS
Conflictbemiddeling,LEGAL
Medizintechnik,HEALTH_CARE
Atendimento mdico e hospitalar,HEALTH_CARE
Dispositivos mdicos,HEALTH_CARE
Dispozitive medicale,HEALTH_CARE
Medicinska utrustningsbranschen,HEALTH_CARE
Medisinske innretninger,HEALTH_CARE
Medicinsk udstyr,HEALTH_CARE
Medische apparatuur,HEALTH_CARE
Peralatan Medis,HEALTH_CARE
Peralatan Perubatan,HEALTH_CARE
Sprzt medyczny,HEALTH_CARE
Strumenti medicali,HEALTH_CARE
Medicin alternativ,HEALTH_CARE
Medicina prctica,HEALTH_CARE
Medicinsk praksis,HEALTH_CARE
Praktek Medis,HEALTH_CARE
Praktyka medyczna,HEALTH_CARE
Pengamal Perubatan,HEALTH_CARE
Atendimento mdico psiquitrico,HEALTH_CARE
Servicios mdicos,HEALTH_CARE
Geneeskunde,HEALTH_CARE
Medicin,HEALTH_CARE
Medicina,HEALTH_CARE
Legemidler,PHARMACEUTICALS
Mediln produkce,MOTION_PICTURE_VIDEO
Mejeribranschen,FOOD_BEVERAGE_TOBACCO
Mekanisk eller industriel ingenirvirksomhed,MANUFACTURING
Geestelijke gezondheidszorg,HEALTH_CARE
Psykisk helse,HEALTH_CARE
Mental sundhedspleje,HEALTH_CARE
Penjagaan Kesihatan Mental,HEALTH_CARE
Perawatan Kesehatan Jiwa,HEALTH_CARE
Servizi di salute mentale,HEALTH_CARE
Mentalvrdsbranschen,HEALTH_CARE
Metallproduksjon og gruvedrift,ENERGY
Mezinrodn vztahy,FOREIGN_AFFAIRS
Mezinrodn obchod a rozvoj,RETAIL_WHOLESALE
naat Mhendislii,SERVICE
Milieuservices,ENTERTAINMENT_LEISURE
Ketenteraan,DEFENSE
Militar,DEFENSE
Militare,DEFENSE
Militer,DEFENSE
Aprare militar i explorarea spaiului cosmic,DEFENSE
Militr virksomhet,DEFENSE
Askerlik,DEFENSE
Militrbranschen,DEFENSE
Miljtjnstbranschen,DEFENSE
Jentera,MANUFACTURING
Minerao e metais,ENERGY
Mijnbouw en metalen,ENERGY
Minera y metalurgia,ENERGY
Madencilik ve Metaller,ENERGY
Minerario e metalli,ENERGY
Minerit i metale,ENERGY
Mines et mtaux,ENERGY
Perlombongan dan Logam,ENERGY
Gruvdrifts och metallbranschen,ENERGY
Bergbau Metallverarbeitung,ENERGY
Pertambangan Logam,ENERGY
Pengemarkeder,FINANCIAL_SERVICES
Kino und Film,MOTION_PICTURE_VIDEO
Sinema ve Film,MOTION_PICTURE_VIDEO
Wayang Gambar dan Filem,MOTION_PICTURE_VIDEO
Filmov prmysl,MOTION_PICTURE_VIDEO
Gambar Bergerak dan Film,MOTION_PICTURE_VIDEO
mter Behrden,SPORTS
Produccin multimedia,MOTION_PICTURE_VIDEO
Muses et institutions culturelles,ENTERTAINMENT_LEISURE
Museen und Kultursttten,ENTERTAINMENT_LEISURE
Musea en instellingen,ENTERTAINMENT_LEISURE
Museer og institusjoner,ENTERTAINMENT_LEISURE
Museer og institutioner,ENTERTAINMENT_LEISURE
Musei e istituzioni,ENTERTAINMENT_LEISURE
Museos e instituciones,ENTERTAINMENT_LEISURE
Museum dan Institusi,ENTERTAINMENT_LEISURE
Museus e instituies,ENTERTAINMENT_LEISURE
Muzea a instituce,ENTERTAINMENT_LEISURE
Muzee i instituii,ENTERTAINMENT_LEISURE
Musei och institutionsbranschen,ENTERTAINMENT_LEISURE
Musica,MUSIC
Musik,MUSIC
Musikk,MUSIC
Musique,MUSIC
Muzic,MUSIC
Muziek,MUSIC
Muzik,MUSIC
Muzyka,MUSIC
Hudebn prmysl,MUSIC
Tketim Maddeleri,CONSUMER_PRODUCTS
Yksek renim,SERVICE
Mzeler ve Kurumlar,EDUCATION
naat,CONSUMER_PRODUCTS
naat Malzemeleri,CONSUMER_PRODUCTS
NakliyeKamyonculukDemiryolu,TRANSPORTATION
Nanotechnologies,TECHNOLOGY
Nanotecnologie,TECHNOLOGY
Nanotechnologia,TECHNOLOGY
Nanotechnologie,TECHNOLOGY
Nanotecnologia,TECHNOLOGY
Nanotehnologie,TECHNOLOGY
Nanoteknologi,TECHNOLOGY
Nanoteknoloji,TECHNOLOGY
Nanoteknikbranschen,TECHNOLOGY
Nanotecnologa,TECHNOLOGY
Construo naval,CONSTRUCTION
Nboensk instituce,EDUCATION
Nbytek,CONSUMER_PRODUCTS
Interconexin en red,COMPUTER
Datanettverk,COMPUTER
Redes,COMPUTER
Dagstidningsbranschen,NEWSPAPER_PUBLISHERS
Aviser,NEWSPAPER_PUBLISHERS
Jornais,NEWSPAPER_PUBLISHERS
Kranten,NEWSPAPER_PUBLISHERS
Quotidiani,NEWSPAPER_PUBLISHERS
Surat Khabar,NEWSPAPER_PUBLISHERS
Ziare,NEWSPAPER_PUBLISHERS
Noviny a tisk,NEWSPAPER_PUBLISHERS
Hayr leri,HOTEL
Ideella organisationsfrvaltningsbranschen,CONSULTING
Gestion des associations et fondations,CONSULTING
Ideell organisasjonsledelse,CONSULTING
Manajemen Organisasi Nirlaba,CONSULTING
Administration af nonprofitorganisationer,CONSULTING
Nonprofit organisatie management,CONSULTING
Pengurusan Organisasi Kebajikan,CONSULTING
Management von NonprofitOrganisationen,CONSULTING
Avis,NEWSPAPER_PUBLISHERS
nvmnt primarsecundar,EDUCATION
Obansk a sociln organizace,SERVICE
Obsuga obiektw,SERVICE
Odborn kolen a instrukte,ENERGY
Nieruchomoci,REAL_ESTATE
Kontorsmaterials och utrustningsbranschen,RETAIL_WHOLESALE
Olje och energibranschen,ENERGY
Petrolio ed energia,ENERGY
Ropa naftowa i energia,ENERGY
Olie en energie,ENERGY
Olie og energi,ENERGY
Olje og energi,ENERGY
Petrleo e energia,ENERGY
Petrleo y energa,ENERGY
Petrol ve Enerji,ENERGY
Minyak Energi,ENERGY
Minyak Tenaga,ENERGY
Pe o duevn zdrav,SPORTS
Vno a destilty,ENTERTAINMENT_LEISURE
OnlineMedien,TELECOMMUNICATIONS
Opplring og coaching,EDUCATION
Organizacin poltica,SERVICE
Organizao cvica e social,CONSULTING
Gesto de organizao sem fins lucrativos,CONSULTING
Organizowanie imprez,SERVICE
Organizri evenimente,SERVICE
Sumber LuarSumber Luar Pantai,SERVICE
Outsourcing och offshoringbranschen,SERVICE
Paket und Frachttransport,CARGO_HANDLING
Pakketgoederenbezorging,CARGO_HANDLING
Ambalaj ve Kaplar,CARGO_HANDLING
Ambalaje i recipiente,CARGO_HANDLING
Embalagens e recipientes,CARGO_HANDLING
Embalaje y contenedores,CARGO_HANDLING
Emballages et conteneurs,CARGO_HANDLING
Imballaggi e contenitori,CARGO_HANDLING
Kemasan dan Wadah,CARGO_HANDLING
Opakowania i pojemniki,CARGO_HANDLING
Pakning og beholdere,CARGO_HANDLING
Verpakkingen en containers,CARGO_HANDLING
Pakowanie i dostawa towarw,CARGO_HANDLING
Verpackungsindustrie,CARGO_HANDLING
Emballasje,CARGO_HANDLING
Carta e prodotti forestali,CONSUMER_PRODUCTS
Papel e produtos florestais,CONSUMER_PRODUCTS
Pappers och skogsproduktsbranschen,CONSUMER_PRODUCTS
Productos de papel y forestales,CONSUMER_PRODUCTS
Papir og skovprodukter,CONSUMER_PRODUCTS
Papier i produkty gospodarki lenej,CONSUMER_PRODUCTS
Papier en bosproducten,CONSUMER_PRODUCTS
Kertas Produk Hutan,CONSUMER_PRODUCTS
Papier Forstprodukte,CONSUMER_PRODUCTS
Entrega de encomendas e fretes,CARGO_HANDLING
Recreatieparken en services,SERVICE
Atividades parlamentares,SERVICE
Partihandelsbranschen,RETAIL_WHOLESALE
Pesca,FOOD_BEVERAGE_TOBACCO
Peklady a lokalizace,SERVICE
PengalihdayaanOffshoring,SERVICE
PengangkutanTrakKeretapi,TRANSPORTATION
Konaklama Hizmetleri,PENSION_FUNDS
Artes interpretativas,ARTS_CRAFTS
Arti dello spettacolo,ARTS_CRAFTS
Arts vivants,ARTS_CRAFTS
Sahne Sanatlar,ARTS_CRAFTS
Scenekunst,ARTS_CRAFTS
Seni Pertunjukan,ARTS_CRAFTS
Sztuka widowiskowa,ARTS_CRAFTS
Darstellende Knste,ARTS_CRAFTS
Peridicos,NEWSPAPER_PUBLISHERS
Osobn a rodinn sluby,CONSULTING
Personalbranschen,HUMAN_RESOURCES
Personal och rekryteringsbranschen,HUMAN_RESOURCES
Farmaseutikal,PHARMACEUTICALS
Industria farmaceutica,PHARMACEUTICALS
Industria farmacutica,PHARMACEUTICALS
Industrie pharmaceutique,PHARMACEUTICALS
Farmaceutick prmysl,PHARMACEUTICALS
Medicinalvarer,PHARMACEUTICALS
Farmaceutica,PHARMACEUTICALS
Farmacii,PHARMACEUTICALS
Farmacja,PHARMACEUTICALS
Farmasi,PHARMACEUTICALS
Pharmazie,PHARMACEUTICALS
Filantrofi,SERVICE
Filantropa,SERVICE
Filantropia,SERVICE
Filantropie,SERVICE
Fotografi,ARTS_CRAFTS
Fotografa,ARTS_CRAFTS
Fotografick innost,ARTS_CRAFTS
Fotografia,ARTS_CRAFTS
Photographie,ARTS_CRAFTS
Fotografibranschen,ARTS_CRAFTS
Fotografie,ARTS_CRAFTS
Organizao poltica,SERVICE
Plastica,MANUFACTURING
Plastik,MANUFACTURING
Plastbranschen,MANUFACTURING
Kunststoffe,MANUFACTURING
Materiale plastice,MANUFACTURING
Plastiques,MANUFACTURING
Plasty,MANUFACTURING
Legepraksis,SPORTS
Pojiovnictv,AGRICULTURE
Politi,SERVICE
Polizeidienst,SERVICE
Policegendarmerie,SERVICE
Poliie,SERVICE
Polisbranschen,SERVICE
Mandat politique,SERVICE
Organizzazione politica,SERVICE
Politick organizace,SERVICE
Politieke organisatie,SERVICE
Politisk organisasjon,SERVICE
Politisk organisation,SERVICE
Politiska organiseringsbranschen,SERVICE
Organisasi Politik,SERVICE
Organizacje polityczne,SERVICE
Politische Organisationen,SERVICE
Parti politique,SERVICE
Politik rgt,SERVICE
Politikbranschen,SERVICE
Gestion de portefeuilles,SECURITIES_COMMODITY_EXCHANGES
Potaov hry,COMPUTER
Poteby a zazen pro podnikn,COMPUTER
Potravinsk vroba,FOOD_BEVERAGE_TOBACCO
Alimentacin y bebidas,FOOD_BEVERAGE_TOBACCO
Pprzewodniki,MANUFACTURING
PR,CONSULTING
PR og kommunikasjon,CONSULTING
PR og kommunikation,CONSULTING
Gabinete presidencial,CONSUMER_PRODUCTS
Prasa,NEWSPAPER_PUBLISHERS
Presse,NEWSPAPER_PUBLISHERS
Tryk,SERVICE
Polityka pastwa,SERVICE
Formation primairesecondaire,EDUCATION
Istruzione primaria e secondaria,EDUCATION
BasisonderwijsMiddelbaar onderwijs,EDUCATION
Beni primari,CONSUMER_PRODUCTS
Media Cetak,NEWSPAPER_PUBLISHERS
Stampa,NEWSPAPER_PUBLISHERS
Trykkeri,NEWSPAPER_PUBLISHERS
Impresso,NEWSPAPER_PUBLISHERS
Imprenta,NEWSPAPER_PUBLISHERS
Pencetakan,NEWSPAPER_PUBLISHERS
Percetakan,NEWSPAPER_PUBLISHERS
Polygrafie,NEWSPAPER_PUBLISHERS
Druckwesen,NEWSPAPER_PUBLISHERS
Drukwerkindustrie,NEWSPAPER_PUBLISHERS
Przemys drukarski,NEWSPAPER_PUBLISHERS
Tryckeribranschen,NEWSPAPER_PUBLISHERS
Ochrana spotebitele,SERVICE
Produkcja dla mediw,PHARMACEUTICALS
Produkcja nabiau,MANUFACTURING
Produkcja ywnoci,FOOD_BEVERAGE_TOBACCO
Produzione di alimenti,FOOD_BEVERAGE_TOBACCO
Produzione di media,MOTION_PICTURE_VIDEO
Prodotti per lo sport,SPORTS
Pelatihan Profesional,SERVICE
Professionele training en coaching,SERVICE
Yrkesutbildnings och coachningsbranschen,SERVICE
Professionel uddannelse og coaching,SERVICE
Programmaontwikkeling,SERVICE
Programmentwicklung,SERVICE
Programudvikling,SERVICE
Programutvikling,SERVICE
Desarrollo de programacin,SOFTWARE
Programovn,SERVICE
Proiectare,SERVICE
Eiendom,REAL_ESTATE
Ejendom,REAL_ESTATE
Hartanah,REAL_ESTATE
Nemovitosti,REAL_ESTATE
Ochrona i dochodzenia,SERVICE
Ochrona porzdku publicznego,SERVICE
Provozovn rane,DEFENSE
Prvnick praxe,SERVICE
Przkum trhu,SERVICE
Psihiatrie,HEALTH_CARE
Psychologie Psychotherapie,HEALTH_CARE
Ptrole et nergie,ENERGY
Administration publique,SERVICE
Offentlig forvaltning,SERVICE
Collectivits publiques et territoriales,SERVICE
Offentliga frvaltningsbranschen,SERVICE
Offentliga skerhetsbranschen,SERVICE
Openbare orde,SERVICE
ffentliche Ordnung,SERVICE
Organizare public,SERVICE
Organizacje publiczne i spoeczne,SERVICE
Politiche pubbliche,SERVICE
Dasar Awam,SERVICE
Kebijakan Publik,SERVICE
Offentlig politik,SERVICE
Offentlig politikk,SERVICE
Politici publice,SERVICE
Politiques publiques,SERVICE
Poltica pblica,SERVICE
ffentlichkeitsarbeit,CONSULTING
Relaii publice i comunicare,CONSULTING
Hubungan Masyarakat dan Komunikasi,CONSULTING
PR och kommunikationsbranschen,CONSULTING
Perhubungan Awam dan Komunikasi,CONSULTING
Pubbliche relazioni e comunicazioni,CONSULTING
Public Relations i komunikacja,CONSULTING
Public relations en communicatie,CONSULTING
Vztahy s veejnost a komunikace,CONSULTING
Relaciones pblicas y comunicaciones,CONSULTING
Relaes pblicas e comunicaes,CONSULTING
Relations publiques et communication,CONSULTING
Halkla likiler ve letiim,CONSULTING
Bezpieczestwo publiczne,SERVICE
Keselamatan Awam,SERVICE
Keselamatan Publik,SERVICE
Openbare veiligheid,SERVICE
Pubblica sicurezza,SERVICE
Sigurana public,SERVICE
ffentliche Sicherheit,SERVICE
Layanan Publik,SERVICE
Servicios pblicos,SERVICE
Servizi pubblici,SERVICE
Publicaciones,NEWSPAPER_PUBLISHERS
Forlag,NEWSPAPER_PUBLISHERS
Uitgeverij,NEWSPAPER_PUBLISHERS
Edituri,NEWSPAPER_PUBLISHERS
Editoria,NEWSPAPER_PUBLISHERS
Penerbitan,NEWSPAPER_PUBLISHERS
Verlagswesen,NEWSPAPER_PUBLISHERS
Nakladatelsk a vydavatelsk innost,NEWSPAPER_PUBLISHERS
Wydawnictwo,NEWSPAPER_PUBLISHERS
Pemborong,SERVICE
Mdias radio et tldiffuss,TELECOMMUNICATIONS
Rundfunk und Fernsehen,TELECOMMUNICATIONS
Ferroviario,SERVICE
Spoorwegbouw,SERVICE
Manufactura ferroviaria,MANUFACTURING
Eisenbahnbau,SERVICE
Construcii feroviare,CONSTRUCTION
quipements ferroviaires,MANUFACTURING
Demiryolu malat,MANUFACTURING
Peternakan Besar,AGRICULTURE
Matires premires,MANUFACTURING
Contenus rdactionnels,NEWSPAPER_PUBLISHERS
Bienes inmobiliarios,REAL_ESTATE
Gayri Menkul,REAL_ESTATE
Immobiliare,REAL_ESTATE
Immobilien,REAL_ESTATE
Immobilier,REAL_ESTATE
Imobiliare,REAL_ESTATE
Fastighetsbranschen,REAL_ESTATE
Real Estat,REAL_ESTATE
Real Estat Komersial,REAL_ESTATE
Imveis,REAL_ESTATE
Imveis comerciais,REAL_ESTATE
Instalaciones y servicios de recreo,SERVICE
Rekreacja obiekty i usugi,SERVICE
Dinlenme Tesisleri ve Hizmetleri,SERVICE
Fasilitas dan Layanan Rekreasi,SERVICE
Instalaciones y servicios recreativos,SERVICE
Freizeiteinrichtungen dienste,SERVICE
Personalberatung vermittlung,HUMAN_RESOURCES
Recrutement,HUMAN_RESOURCES
Recrutamento e seleo,HUMAN_RESOURCES
Daur Ulang Lingkungan,ENERGY
Instituies religiosas,SERVICE
Religisa institutionsbranschen,SERVICE
Dini Kurumlar,SERVICE
Instituciones religiosas,SERVICE
Instituii religioase,SERVICE
Institusi Keagamaan,SERVICE
Institutions religieuses,SERVICE
Instytucje religijne,SERVICE
Istituzioni religiose,SERVICE
Lembaga Keagamaan,SERVICE
Religieuze instellingen,SERVICE
Religise institusjoner,SERVICE
Religise institutioner,SERVICE
Religise Einrichtungen,SERVICE
Pendidikan Sekolah RendahSekolah Menengah,EDUCATION
Regenerabile i mediul nconjurtor,ENERGY
Energa renovable y medio ambiente,ENERGY
Energia odnawialna i rodowisko,ENERGY
Energia rinnovabile e ambiente,ENERGY
Vedvarende energi og milj,ENERGY
Erneuerbare Energie Umwelt,ENERGY
Tenaga Boleh Diperbaharui Persekitaran,ENERGY
Yenilenebilir Enerji Kaynaklar ve evre,ENERGY
Fornybare produkter og miljvern,ENERGY
Obnoviteln zdroje a ivotn prosted,ENERGY
Recursos renovveis e meio ambiente,ENERGY
Imprimerie reproduction,NEWSPAPER_PUBLISHERS
Cercetare,EDUCATION
Investigacin,EDUCATION
Onderzoek en wetenschap,EDUCATION
Penyelidikan,EDUCATION
Forschung,EDUCATION
Forskning,EDUCATION
Forskningsbranschen,EDUCATION
Riset,EDUCATION
Vzkum,EDUCATION
Centri di ricerca,EDUCATION
Centres de recherches,EDUCATION
Vzkumn tmy,EDUCATION
Organizaes de pesquisa e orientao,EDUCATION
Resoluo alternativa de litgios,LEGAL
Arrecadao de recursos,HUMAN_RESOURCES
Restaurace,FOOD_BEVERAGE_TOBACCO
Restaurante,FOOD_BEVERAGE_TOBACCO
Restoran,FOOD_BEVERAGE_TOBACCO
Restauracje,FOOD_BEVERAGE_TOBACCO
Restauranter,FOOD_BEVERAGE_TOBACCO
Restaurantes,FOOD_BEVERAGE_TOBACCO
Commercio al dettaglio,RETAIL_WHOLESALE
Detailhandel,RETAIL_WHOLESALE
Detaljhandel,RETAIL_WHOLESALE
Detaljhandelsbranschen,RETAIL_WHOLESALE
Einzelhandel,RETAIL_WHOLESALE
Maloobchod,RETAIL_WHOLESALE
Perakende,RETAIL_WHOLESALE
Peruncitan,RETAIL_WHOLESALE
Ritel,RETAIL_WHOLESALE
Varejo,RETAIL_WHOLESALE
Venta al por menor,RETAIL_WHOLESALE
Grande distribuzione,RETAIL_WHOLESALE
Sprzeda detaliczna,RETAIL_WHOLESALE
Commerce de dtail,RETAIL_WHOLESALE
Retshndhvelse,SOFTWARE
Rizikov kapitl a soukrom majetek,SECURITIES_COMMODITY_EXCHANGES
Riskkapitalbranschen,SERVICE
Rkodzieo,ARTS_CRAFTS
Kat ve Orman rnleri,SERVICE
Transports routiers et ferroviaires,TRANSPORTATION
Vg och vattenteknikbranschen,CONSTRUCTION
Pembinaan Jalan Raya,CONSTRUCTION
Relacje rzdowe,CONSULTING
Siguran i investigaii,SERVICE
Segurana de redes e computadores,COMPUTER
Bezpieczestwo komputerw i sieci,COMPUTER
Veejn bezpenost,SERVICE
Sade bemestar e educao fsica,EDUCATION
Salk Zindelik ve Fitnes,HEALTH_CARE
Samhllsorganisationsbranschen,SERVICE
Zdrowie psychiczne,HEALTH_CARE
Szko ceramika i beton,EDUCATION
Sdownictwo,AGRICULTURE
Seefahrt,ENTERTAINMENT_LEISURE
Pesquisa,SERVICE
Ricerca,SERVICE
Scurit et enqutes,SERVICE
Sikkerhed og efterforskning,SERVICE
Sikkerhet og etterforskning,SERVICE
Beveiliging en recherche,SERVICE
Keamanan dan Investigasi,SERVICE
Keselamatan dan Penyiasatan,SERVICE
Segurana e investigaes,SERVICE
Seguridad e investigaciones,SERVICE
Sicurezza e investigazioni,SERVICE
Gvenlik ve Soruturma,SERVICE
Sicherheits Ermittlungsdienste,SERVICE
Segurana pblica,SERVICE
Tbbi Uygulama,TECHNOLOGY
Tbbi Cihazlar,TECHNOLOGY
Selectare i recrutare de personal,HUMAN_RESOURCES
Selezione e ricerca di personale,HUMAN_RESOURCES
Polovodie,TECHNOLOGY
Halbleiter,TECHNOLOGY
Halfgeleiders,TECHNOLOGY
Semiconducteurs,TECHNOLOGY
Semiconductores,TECHNOLOGY
Semicondutores,TECHNOLOGY
Semiconduttori,TECHNOLOGY
Semikonduktor,TECHNOLOGY
Semikonduktorer,TECHNOLOGY
Envo de paquetes y carga,CARGO_HANDLING
Servicio de informacin,SERVICE
Uniti i servicii recreaionale,SERVICE
Servicios y tecnologa de la informacin,SOFTWARE
Perkhidmatan Kemudahan,SERVICE
Layanan Fasilitas,SERVICE
Servios para eventos,SERVICE
Usugi dla jednostek i rodzin,SERVICE
Services pour lenvironnement,SERVICE
Servicios para el individuo y la familia,CONSULTING
Servizi per la persona e la famiglia,CONSULTING
Servios jurdicos,LEGAL
Servios da informao,SERVICE
Services la personne,SERVICE
Servios pblicos,SERVICE
Scheepsbouw,MANUFACTURING
Skeppsbyggbranschen,MANUFACTURING
Construcii navale,MANUFACTURING
Pembinaan Kapal,MANUFACTURING
Pembuatan Kapal,MANUFACTURING
Schiffbau,MANUFACTURING
Scheepvaart,TRANSPORTATION
Transports maritimes,TRANSPORTATION
Penghantaran BungkusanPengangkutan,TRANSPORTATION
Doprava nkladn automobilov a eleznin peprava,TRANSPORTATION
Cantieri navali,SERVICE
Chantiers navals,SERVICE
Skipsverft,SERVICE
Fotografering,ENTERTAINMENT_LEISURE
Skibskonstruktion,MANUFACTURING
Skladovn,FINANCIAL_SERVICES
Tabaco,FOOD_BEVERAGE_TOBACCO
Organisasi Sivik Sosial,SERVICE
Associations et organisations sociales et syndicales,SERVICE
Organisasi Sipil Sosial,SERVICE
Soziale Einrichtungen,SERVICE
Soziale Dienstleistungen,SERVICE
Oprogramowanie komputerowe,SOFTWARE
Softwares,SOFTWARE
Programutvecklingsbranschen,SOFTWARE
Szkolenia specjalistyczne i doradztwo,CONSULTING
Olahraga,SPORTS
Sport en fitnessartikelen,SPORTS
Sportartikelbranschen,SPORTS
Sportbranschen,SPORTS
Artculos deportivos,SPORTS
Barangan Sukan,SPORTS
Idrettsutstyr,SPORTS
Materiais esportivos,SPORTS
Spor Malzemeleri,SPORTS
Sportartikel,SPORTS
Deportes,SPORTS
Esportes,SPORTS
Idrett,SPORTS
Spor,SPORTS
Sport,SPORTS
Sukan,SPORTS
Echipament sportiv,SPORTS
Sportovn poteby,SPORTS
Artykuy sportowe,SPORTS
Spotebn elektronika,ELECTRONICS
Kadry,HUMAN_RESOURCES
Bemanning og rekruttering,HUMAN_RESOURCES
Penetapan Staf dan Perekrutan,HUMAN_RESOURCES
Pengambilan Kakitangan dan Perekrutan,HUMAN_RESOURCES
Personeel en werven,HUMAN_RESOURCES
Statlige forhold,SERVICE
Devlet Ynetimi,SERVICE
Stavebn inenrstv,MANUFACTURING
Almacenamiento,STORAGE
Armazenagem,STORAGE
Depolama,STORAGE
Magazynowanie,STORAGE
Entreposage stockage,STORAGE
Slijterijen,DEPARTMENT_STORES
Artykuy luksusowe i biuteria,COSMETICS
Sttn sprva,SERVICE
Badania,EDUCATION
Tasarm,APPAREL_ACCESSORIES
SubcontratacionesOffshoring,SERVICE
Enseignement suprieur,EDUCATION
Stormarknadsbranschen,DEPARTMENT_STORES
Pasar Raya,DEPARTMENT_STORES
Supermarkeder,DEPARTMENT_STORES
Supermarketuri,DEPARTMENT_STORES
Supermarkety,DEPARTMENT_STORES
Supermarkten,DEPARTMENT_STORES
Supermercados,DEPARTMENT_STORES
Kantoorbenodigdheden en apparatuur,RETAIL_WHOLESALE
Suprimentos e equipamentos comerciais,RETAIL_WHOLESALE
Consumabile i echipament de birou,RETAIL_WHOLESALE
Forsyningstjenester vannstrmosv,RETAIL_WHOLESALE
Duurzaamheid en milieu,ENERGY
Tabkov prmysl,FOOD_BEVERAGE_TOBACCO
Artes cnicas,ARTS_CRAFTS
Tecnologa inalmbrica,TECHNOLOGY
Telekomunikace,TELECOMMUNICATIONS
Telekomunikacja,TELECOMMUNICATIONS
Telecommunicatie,TELECOMMUNICATIONS
Telecomunicaciones,TELECOMMUNICATIONS
Telecomunicaii,TELECOMMUNICATIONS
Telecomunicazioni,TELECOMMUNICATIONS
Telekommunikasjon,TELECOMMUNICATIONS
Telekommunikation,TELECOMMUNICATIONS
Telekommunikationsbranschen,TELECOMMUNICATIONS
Telekomunikasi,TELECOMMUNICATIONS
Telecomunicaes,TELECOMMUNICATIONS
Telekomnikasyon,TELECOMMUNICATIONS
tervinnings och miljbranschen,MANUFACTURING
Text och redigeringsbranschen,NEWSPAPER_PUBLISHERS
Textilbranschen,MANUFACTURING
Tekstil,MANUFACTURING
Tessile,MANUFACTURING
Textiel,MANUFACTURING
Industrie textile,MANUFACTURING
Sector textil,MANUFACTURING
Tekstiler,MANUFACTURING
Textilien,MANUFACTURING
Byggbranschen,CONSTRUCTION
Rozwj programw,CONSTRUCTION
Modebranschen,APPAREL_ACCESSORIES
Filmbranschen,MOTION_PICTURE_VIDEO
Tecnologia da informao e servios,SOFTWARE
Musikbranschen,MUSIC
Prvn sluby,SERVICE
Bezpenostn a vyetovac sluby,SERVICE
Transportbranschen lastbil och jrnvg,TRANSPORTATION
Divadlo tanec a dal jevitn umn,ARTS_CRAFTS
Kumpulan Pemikir,ENTREPRENEUR
Sprzt i wyposaenie dla firm,RETAIL_WHOLESALE
Tj og mode,SERVICE
Tketici Hizmetleri,SERVICE
Tketici Elektronii,ELECTRONICS
Tnketanke,ENTREPRENEUR
Tabac,FOOD_BEVERAGE_TOBACCO
Tabacco,FOOD_BEVERAGE_TOBACCO
Tabak,FOOD_BEVERAGE_TOBACCO
Tembakau,FOOD_BEVERAGE_TOBACCO
Tobak,FOOD_BEVERAGE_TOBACCO
Tobakk,FOOD_BEVERAGE_TOBACCO
Tutun,FOOD_BEVERAGE_TOBACCO
Wyroby tytoniowe,FOOD_BEVERAGE_TOBACCO
Tobaksbranschen,FOOD_BEVERAGE_TOBACCO
nvmnt superior,EDUCATION
Tourismus und Freizeit,ENTERTAINMENT_LEISURE
Pariwisata Perhotelan,ENTERTAINMENT_LEISURE
Comrcio e desenvolvimento internacional,RETAIL_WHOLESALE
Comrcio e desenvolvimento international,RETAIL_WHOLESALE
Handel i wsppraca midzynarodowa,RETAIL_WHOLESALE
Formare profesional i instruire,EDUCATION
Training dan Bimbingan Profesional,SERVICE
Treinamento e orientao profissional,SERVICE
Schulungen Coaching,SERVICE
Traduccin y localizacin,SERVICE
Oversettelse og lokalisering,SERVICE
Oversttelse og lokalisering,SERVICE
Penerjemahan dan Pelokalan,SERVICE
Penterjemahan dan Penyetempatan,SERVICE
Traduceri i localizare,SERVICE
Traduction et adaptation,SERVICE
Traduo e localizao,SERVICE
Traduzione e localizzazione,SERVICE
Vertalingen en lokalisatie,SERVICE
bersetzung und Lokalisierung,SERVICE
Trasporti su stradaferrovia,TRANSPORTATION
Transportwesen Bahnverkehr,TRANSPORTATION
Transporte por carretera o ferrocarril,TRANSPORTATION
Transportvrachtvervoerspoorwegen,TRANSPORTATION
Transport transport samochodowy transport kolejowy,TRANSPORTATION
TransporteCaminhesTrens,TRANSPORTATION
Transportlastbiljernbane,TRANSPORTATION
TransporturiCamioaneFeroviare,TRANSPORTATION
Vrije tijd reizen en toerisme,ENTERTAINMENT_LEISURE
Wisata Travel Pariwisata,ENTERTAINMENT_LEISURE
Treinamento distncia,TRANSPORTATION
Ttn,SERVICE
Plastikk,MANUFACTURING
tudesrecherche,EDUCATION
Tumaczenia i lokalizacja,SERVICE
TurismHoteluri,HOTEL
Tipografie,SERVICE
Vtvarn umn,ARTS_CRAFTS
Underhllningsbranschen,ENTERTAINMENT_LEISURE
Artykuy powszechnego uytku,NEWSPAPER_PUBLISHERS
Kamu Hizmetleri,ENERGY
Nutsbedrijf,ENERGY
Utiliti,ENERGY
Utvende myndighet,SERVICE
VA och elntsbranschen,SERVICE
Veejn politika,SERVICE
Risk Sermayesi ve zel Sermaye,VENTURE_CAPITAL
Capital de riesgo y capital privado,VENTURE_CAPITAL
Capital de risc i capital privat,VENTURE_CAPITAL
Capitale di rischio e private equity,VENTURE_CAPITAL
Capitalrisque et fonds LBO,VENTURE_CAPITAL
Capital de risco e participaes privadas,VENTURE_CAPITAL
Risikokapital og aktiv eierkapital,VENTURE_CAPITAL
Durfkapitaal privvermogen,VENTURE_CAPITAL
Modal Usaha Ekuitas Pribadi,VENTURE_CAPITAL
versttnings och lokaliseringsbranschen,SERVICE
Veterinar,HEALTH_CARE
Veterinaria,HEALTH_CARE
Veterinr,HEALTH_CARE
Diergeneeskunde,HEALTH_CARE
Tiermedizin,HEALTH_CARE
Veterinerlik,HEALTH_CARE
Veterinria,HEALTH_CARE
Veterinrvirksomhet,HEALTH_CARE
Veterinari,HEALTH_CARE
Videogiochi,TECHNOLOGY
Vnzri engros,RETAIL_WHOLESALE
Meslek Eitimi ve Eitmenlik,EDUCATION
Formation professionnelle,EDUCATION
Formazione professionale,EDUCATION
Vymhn prva,SERVICE
Vysokokolsk vzdln,EDUCATION
Magazijn,STORAGE
Lagervirksomhet,STORAGE
Lagerhaltung,STORAGE
Magazzinaggio,STORAGE
Pergudangan,STORAGE
Hrtie i produse forestiere,CONSUMER_PRODUCTS
Veden neziskovch organizac,SERVICE
Arme,DEFENSE
Derecho,SERVICE
Webbmediebranschen,INTERNET_PUBLISHING
Weiterfhrende Ausbildung,EDUCATION
Rynki kapitaowe,VENTURE_CAPITAL
Commerce de gros,RETAIL_WHOLESALE
Engros,RETAIL_WHOLESALE
Groothandel,RETAIL_WHOLESALE
Sprzeda hurtowa,RETAIL_WHOLESALE
Velkoobchod,RETAIL_WHOLESALE
Venta al por mayor,RETAIL_WHOLESALE
Perdagangan Grosir,RETAIL_WHOLESALE
Vendita allingrosso,RETAIL_WHOLESALE
arap ve Alkoll ecekler,FOOD_BEVERAGE_TOBACCO
Vinuri i buturi alcoolice,FOOD_BEVERAGE_TOBACCO
Minuman Anggur dan Alkohol,FOOD_BEVERAGE_TOBACCO
Vin och spritbranschen,FOOD_BEVERAGE_TOBACCO
Vin og brennevin,FOOD_BEVERAGE_TOBACCO
Vin og spiritus,FOOD_BEVERAGE_TOBACCO
Vinhos e destilados,FOOD_BEVERAGE_TOBACCO
Vino e liquori,FOOD_BEVERAGE_TOBACCO
Vino y licor,FOOD_BEVERAGE_TOBACCO
Vins et spiritueux,FOOD_BEVERAGE_TOBACCO
Wain dan Arak,FOOD_BEVERAGE_TOBACCO
Weine und Spirituosen,FOOD_BEVERAGE_TOBACCO
Wina i napoje alkoholowe,FOOD_BEVERAGE_TOBACCO
Kablosuz,TELECOMMUNICATIONS
Nirkabel,TELECOMMUNICATIONS
Tanpa Wayar,TELECOMMUNICATIONS
Draadloze industrie,TELECOMMUNICATIONS
Rede sem fio,TELECOMMUNICATIONS
Technologies sans fil,TELECOMMUNICATIONS
Wirelessbranschen,TELECOMMUNICATIONS
Industrie bois et papiers,CONSUMER_PRODUCTS
Escritura y edicin,NEWSPAPER_PUBLISHERS
Penulisan dan Penyuntingan,NEWSPAPER_PUBLISHERS
Pisanie i redagowanie,NEWSPAPER_PUBLISHERS
Redactare i editare,NEWSPAPER_PUBLISHERS
Redazione e revisione,NEWSPAPER_PUBLISHERS
Schreiben und Redigieren,NEWSPAPER_PUBLISHERS
Schrijven en redactie,NEWSPAPER_PUBLISHERS
Skriving og redigering,NEWSPAPER_PUBLISHERS
Presse crite,NEWSPAPER_PUBLISHERS
Yatrm Bankacl,BANKING
Yaynclk,CONSTRUCTION
Ynetim Danmanl,SERVICE
Yatrm Ynetimi,FINANCIAL_SERVICES
Yrkestrnings och coachningsbranschen,EDUCATION
Zajiovn spoleenskch udlost,SERVICE
zen ve vzdlvn,EDUCATION
Mzik,ENTERTAINMENT_LEISURE
Zootehnie,SERVICE
Zvrolkastv,SERVICE
Accounting,ACCOUNTING
Agriculture,AGRICULTURE
AirlinesAviation,AVIATION
Alternative Dispute Resolution,LEGAL
Alternative Medicine,HEALTH_CARE
Alternative Schlichtungsmethoden,LEGAL
Amusement,ENTERTAINMENT_LEISURE
Animacin,MOTION_PICTURE_VIDEO
Animaie,MOTION_PICTURE_VIDEO
Animao,MOTION_PICTURE_VIDEO
Animation,MOTION_PICTURE_VIDEO
Apparel Fashion,APPAREL_ACCESSORIES
Aratrma,CONSUMER_PRODUCTS
Architecture Planning,ARCHITECTURE_DESIGN
Armda a vojensk sluba,DEFENSE
Articles de sport,SPORTS
Arts,ARTS_CRAFTS
Arts and Crafts,ARTS_CRAFTS
Automacin industrial,AUTOMOTIVE
Automao industrial,AUTOMOTIVE
Automotive,AUTOMOTIVE
Aviation Aerospace,AEROSPACE
Avocatur,LEGAL
Balklk,ENTERTAINMENT_LEISURE
Balrensk a kontejnerov prmysl,CARGO_HANDLING
Banking,BANKING
Bankvsen,BANKING
Biotechnology,BIOTECHNOLOGY
Bnci,BIOTECHNOLOGY
Broadcast Media,BROADCASTING
Building Materials,CONSTRUCTION
Business Supplies and Equipment,RETAIL_WHOLESALE
Capital Markets,VENTURE_CAPITAL
Chemicals,CHEMICAL
Civil Engineering,CONSTRUCTION
Civil ingenirvirksomhed,CONSTRUCTION
Commercial Real Estate,REAL_ESTATE
Computer Network Security,SOFTWARE
Computer Games,COMPUTER
Computer Hardware,COMPUTER
Computer Networking,COMPUTER
Computer Software,SOFTWARE
Computernetvrk,COMPUTER
Construccin naval,CONSTRUCTION
Construction,CONSTRUCTION
Consumer Electronics,ELECTRONICS
Consumer Goods,CONSUMER_PRODUCTS
Cosmetic,COSMETICS
Cosmetics,COSMETICS
Cosmtica,COSMETICS
Dairy,FOOD_BEVERAGE_TOBACCO
Defense Space,DEFENSE
Design,ARCHITECTURE_DESIGN
Design grfico,ARCHITECTURE_DESIGN
Detail,RETAIL_WHOLESALE
ELearning,EDUCATION
Editorao,NEWSPAPER_PUBLISHERS
Education Management,EDUCATION
Elearning,EDUCATION
ElectricalElectronic Manufacturing,ELECTRONICS
Elektrick a elektronick vroba,ELECTRONICS
Elence,ELECTRONICS
Elring,EDUCATION
Entertainment,ENTERTAINMENT_LEISURE
Environmental Services,ENERGY
Farming,AGRICULTURE
Film,MOTION_PICTURE_VIDEO
Films danimation,MOTION_PICTURE_VIDEO
Financial Services,FINANCIAL_SERVICES
Fine Art,ARTS_CRAFTS
Fishery,FOOD_BEVERAGE_TOBACCO
Food Beverages,FOOD_BEVERAGE_TOBACCO
Food Production,FOOD_BEVERAGE_TOBACCO
Formation distance,EDUCATION
Fotoraflk,ARTS_CRAFTS
FundRaising,FINANCIAL_SERVICES
Fundraising,FINANCIAL_SERVICES
Furniture,CONSUMER_PRODUCTS
Gambling Casinos,ENTERTAINMENT_LEISURE
Glass Ceramics Concrete,CONSTRUCTION
Glcksspiel Casinos,CONSTRUCTION
GraficDesign,ARCHITECTURE_DESIGN
Grafick design,ARCHITECTURE_DESIGN
Grande distribution,ARCHITECTURE_DESIGN
Graphic Design,ARCHITECTURE_DESIGN
HR,HUMAN_RESOURCES
Hardware,COMPUTER
Health Wellness and Fitness,HEALTH_CARE
Higher Education,EDUCATION
Hospital Health Care,HEALTH_CARE
Human Resources,HUMAN_RESOURCES
Human resources,HUMAN_RESOURCES
IT,SOFTWARE
Import a export,RETAIL_WHOLESALE
Import and Export,RETAIL_WHOLESALE
Import en export,RETAIL_WHOLESALE
Import et export,RETAIL_WHOLESALE
Import i eksport,RETAIL_WHOLESALE
Import i export,RETAIL_WHOLESALE
ImportExport,RETAIL_WHOLESALE
Indstria txtil,CONSUMER_PRODUCTS
Industrial Automation,AUTOMOTIVE
Information Technology and Services,SOFTWARE
Insurance,FINANCIAL_SERVICES
International Affairs,FOREIGN_AFFAIRS
International Trade and Development,RETAIL_WHOLESALE
Internet,COMPUTER
Investment Banking,INVESTMENT_BANKING
Investment Management,INVESTMENT_BANKING
Investment banking,INVESTMENT_BANKING
Judiciary,LEGAL
Judicirio,LEGAL
Laticnios,FOOD_BEVERAGE_TOBACCO
Law Enforcement,LEGAL
Law Practice,LEGAL
Legal Services,LEGAL
Legislative,LEGAL
Legislative Office,LEGAL
Leisure Travel Tourism,ENTERTAINMENT_LEISURE
Lesnick a paprnick prmysl,NEWSPAPER_PUBLISHERS
Logistica e Supply Chain,CARGO_HANDLING
Logistics and Supply Chain,CARGO_HANDLING
Luxury Goods Jewelry,APPAREL_ACCESSORIES
Machinery,MANUFACTURING
Machines,MANUFACTURING
Management Consulting,CONSULTING
Management consulting,CONSULTING
Maritime,DEFENSE
Marketing and Advertising,ADVERTISING
Marketing i reklama,ADVERTISING
Matbaaclk,FOOD_BEVERAGE_TOBACCO
Matriaux de construction,MANUFACTURING
Mbler,CONSUMER_PRODUCTS
Mdecines alternatives,PHARMACEUTICALS
Mdia online,TELECOMMUNICATIONS
Mechanical or Industrial Engineering,MANUFACTURING
Media Online,INTERNET_PUBLISHING
Media Production,MOTION_PICTURE_VIDEO
Media online,INTERNET_PUBLISHING
Mediaproductie,TELECOMMUNICATIONS
Medical Devices,HEALTH_CARE
Medical Practice,HEALTH_CARE
Mental Health Care,HEALTH_CARE
Military,DEFENSE
Militr,DEFENSE
Mining Metals,ENERGY
Motion Pictures and Film,MOTION_PICTURE_VIDEO
Msica,MUSIC
Museums and Institutions,ENTERTAINMENT_LEISURE
Music,MUSIC
Mveis,MOTION_PICTURE_VIDEO
Nanotechnology,TECHNOLOGY
Naval,DEFENSE
Newspapers,NEWSPAPER_PUBLISHERS
Nmonictv,ENTERTAINMENT_LEISURE
Oil Energy,ENERGY
Online Media,INTERNET_PUBLISHING
Online media,INTERNET_PUBLISHING
PackageFreight Delivery,CARGO_HANDLING
Packaging and Containers,CARGO_HANDLING
Paper Forest Products,CONSUMER_PRODUCTS
Pche,EDUCATION
Performancebranschen,ARTS_CRAFTS
Performing Arts,ARTS_CRAFTS
Personalressurser,HUMAN_RESOURCES
Petrol i energie,ENERGY
Pharmaceuticals,PHARMACEUTICALS
Photography,ARTS_CRAFTS
Plastic,MANUFACTURING
Plastics,MANUFACTURING
Plstico,MANUFACTURING
Plsticos,MANUFACTURING
Podiumkunst,ARTS_CRAFTS
Potaov hardware,COMPUTER
Potaov software,SOFTWARE
Potaov st,COMPUTER
PrimarySecondary Education,EDUCATION
Printing,NEWSPAPER_PUBLISHERS
Professions mdicales,HEALTH_CARE
Prtica jurdica,LEGAL
Prtica mdica,HEALTH_CARE
Publishing,NEWSPAPER_PUBLISHERS
Radio en tv,TELECOMMUNICATIONS
Railroad Manufacture,MANUFACTURING
Ranching,AGRICULTURE
Real Estate,REAL_ESTATE
Renewables Environment,ENERGY
Research,EDUCATION
Restaurantnring,FOOD_BEVERAGE_TOBACCO
Restaurants,FOOD_BEVERAGE_TOBACCO
Retail,RETAIL_WHOLESALE
Retsvsen,LEGAL
Ropn a energetick prmysl,ENERGY
Sector automovilstico,AUTOMOTIVE
Semiconductors,MANUFACTURING
Sfart,ARTS_CRAFTS
Shipbuilding,MANUFACTURING
Sntate wellness i fitness,HEALTH_CARE
Software,SOFTWARE
Spermarket,DEPARTMENT_STORES
Sporting Goods,SPORTS
Sports,SPORTS
Staffing and Recruiting,HUMAN_RESOURCES
Stavebn materily,MANUFACTURING
Strojn a prmyslov inenrstv,MANUFACTURING
Supermarket,DEPARTMENT_STORES
Supermarkets,DEPARTMENT_STORES
Supermrkte,DEPARTMENT_STORES
TV,ENTERTAINMENT_LEISURE
Telecommunications,TELECOMMUNICATIONS
Televizn a rozhlasov mdia,MOTION_PICTURE_VIDEO
Textile,MANUFACTURING
Textiles,MANUFACTURING
Textiln prmysl,MANUFACTURING
Think Tank,ENTREPRENEUR
Think Tanks,ENTREPRENEUR
Tlcommunications,TELECOMMUNICATIONS
Tobacco,FOOD_BEVERAGE_TOBACCO
Civic Social Organization,SERVICE
Consumer Services,SERVICE
TransportasiTrukKereta Api,TRANSPORTATION
TransportationTruckingRailroad,TRANSPORTATION
Events Services,SERVICE
Executive Office,SERVICE
Facilities Services,SERVICE
Filantropibranschen,SERVICE
Government Administration,SERVICE
Umleck emesla,ARTS_CRAFTS
Government Relations,SERVICE
Hospitality,SERVICE
Individual Family Services,SERVICE
Informatieservices,SERVICE
Information Services,SERVICE
Libraries,SERVICE
Market Research,SERVICE
Marketing a reklama,SERVICE
Nonprofit Organization Management,SERVICE
Venture Capital Private Equity,VENTURE_CAPITAL
Venture Capital und Private Equity,VENTURE_CAPITAL
Outsourcing Offshoring,SERVICE
Outsourcing a offshoring,SERVICE
OutsourcingDelokalisatie,SERVICE
Veterinary,HEALTH_CARE
Voln as cestovn a turistika,CONSTRUCTION
Vtrinaire,HEALTH_CARE
OutsourcingOffshoring,SERVICE
Outsourcingutsetting,SERVICE
Warehousing,CARGO_HANDLING
Wholesale,RETAIL_WHOLESALE
Wine and Spirits,FOOD_BEVERAGE_TOBACCO
Wireless,TELECOMMUNICATIONS
Philanthrophie,SERVICE
Philanthropy,SERVICE
Political Organization,SERVICE
Poradenstv pro management,SERVICE
Zabezpeen pota a st,TECHNOLOGY
Professional Training Coaching,SERVICE
Program Development,SERVICE
Zdrav wellness a fitness,HEALTH_CARE
Zkladn a stedn vzdln,CONSTRUCTION
Program Gelitirme,SERVICE
Proteccin civil,SERVICE
Public Policy,SERVICE
Public Relations and Communications,SERVICE
Public Safety,SERVICE
etnictv a daov poradenstv,ELECTRONICS
Recreational Facilities and Services,SERVICE
Religious Institutions,SERVICE
Security and Investigations,SERVICE
Services dinformation,SERVICE
Sntate,SERVICE
Terceirizao e offshoring,SERVICE
Toptanclk,SERVICE
Translation and Localization,SERVICE
Transmissionsmedie,SERVICE
Utilities,ENERGY
Writing and Editing,NEWSPAPER_PUBLISHERS
Zarzdzanie dziaalnoci nonprofit,SERVICE
dition,SERVICE
iftilik,SERVICE
tudes de march,SERVICE